topic_name,topic_name_image_url
testosterone blood test,https://encrypted-tbn0.gstatic.com/shopping?q=tbn:ANd9GcSRUfsXIw-xkKf2yK8LYbsCbh2uKNySzBuf5b92lFVcpuVBBdQA0qUNQ6Dg3shRvZm9OUFiRyWv9WSNSFBjWY32y5f-NGdpRv74yTXuCep1pLBQaoCYOFIk
testosterone blood test,https://encrypted-tbn3.gstatic.com/shopping?q=tbn:ANd9GcTvSGpBjPzyWegz5sMXJNYwUO1iYiVAKz3_VHnJVY0Oi3w4yS-NUor6rdwvgixru8HaV0xdkdoe9ubNKgEFWwa1S7URmtdiufEaTgfYein-iSvR8qzLCzqGsoo
testosterone blood test,https://encrypted-tbn0.gstatic.com/shopping?q=tbn:ANd9GcSB_6NF1PUF-DqW-rxsXqpjXDyxSii9zD9Vc08DoNA52UpKvfpU7kGMHjcfJgKTu4y35F_0JZu8U3rhYV3pt_Qalo0zelXZxQtvPHgqJDk
testosterone blood test,https://encrypted-tbn0.gstatic.com/shopping?q=tbn:ANd9GcTy7wKpLuYZWF4CQOCxaowh5wr-7Vle0NqKoOS_0vlUIqhie9rjg292RJmmjtir9aLl3PzqUwSZpzf6Otd6KoHgNHoBtCc4GupxpD2966O5
testosterone blood test,https://encrypted-tbn2.gstatic.com/shopping?q=tbn:ANd9GcSKNtaTewudSQHNVTvw-ZfnWslqcZKkk0xrQiKwks0KxC4Bv8O_UYRB_pycHS0bbIJsTbTlTl6Osr9qjEjLOQWRA6w4cNBPyjOtuWKrz7HPDlpj1THnq6IxUg
testosterone blood test,https://encrypted-tbn3.gstatic.com/shopping?q=tbn:ANd9GcR95hc6oyrsj4c8-Zc2WT2yBaBRWdjZPe5cVZ0H_odkd9h4IYXOK1b-XRnqCPrc--HFfGIXw7A4Cgtpb1p_jsCdQGBJGhzvZeP6rcCIRvMa
testosterone blood test,https://encrypted-tbn3.gstatic.com/shopping?q=tbn:ANd9GcSQAJoCETCCqnmFl1TL-WgRVEks3pbLPkqw2l6gXxq_nKPUynH2cqrUHiOjRAcfNbWl12fGPNmiW5dQd0-pQdKnpUVXC-MtxA
testosterone blood test,https://encrypted-tbn1.gstatic.com/shopping?q=tbn:ANd9GcR0AsBn1eyZgIqfzkvaGFopTuZnITB4Ev2EQFhU8uTNGpA8-F3oVxcX46HmZ_rMuxH4_BBmMxdbFKeoQUkYXpLZTSihz7dccg
testosterone blood test,https://encrypted-tbn0.gstatic.com/shopping?q=tbn:ANd9GcRnME9Pr3MaBPp9MiSrm4b8nNvJwr58KJY-HvVJe9S1fi1hLMykB2kVHAcsiw47RJASdwQXhNmw-B7rbHkdUyLW2IUMbphXpznRL7AjhWHN14FEH4fT0xlJ
testosterone blood test,https://encrypted-tbn3.gstatic.com/shopping?q=tbn:ANd9GcQvPoHtD04SIhIxD5yJtDobTo2diqoxb5Uh4xOnHM_sImhcCl4JSRwd4b5cTClhQdFl7MHuTEX5MNJVZT_JveLO2N47wYv9DHsqJZw0MsL8YFwtenlYarKc
testosterone blood test,https://encrypted-tbn3.gstatic.com/shopping?q=tbn:ANd9GcQcdHOvTsNX7R8Ub9vWdZpIdG-iRnm27cjI42XSf0cekNGvlEEK6xQFKabx1jlbmynyXeQ4WIyaqt4_d3rJ0jzmHFogCe1tIA
testosterone blood test,https://encrypted-tbn2.gstatic.com/shopping?q=tbn:ANd9GcT3m63C4WK_emjNjTQOusB8vy8CVBAVNf4G6Gna-4i1QCwPd8BUk6Ur9fWopnOtITwhpcADYVyLDZ0MeE0aRKz3M7r1wZsD4Hf90z8UAJ63D7FjVBDFAqrSg59T
testosterone blood test,https://encrypted-tbn3.gstatic.com/shopping?q=tbn:ANd9GcT_3-S6nN9vFwZ4M8poEv9DEGYnEy8Es-UqH4y-0nhwfv7v46o2hYGehCp-ys-cVE8Lxg-s-7LYvSOZ-qfOAeNu7uz8__FtwqKeEZMGO8nbqzq93ofY2P93pg
testosterone blood test,https://encrypted-tbn1.gstatic.com/shopping?q=tbn:ANd9GcQjYWbPdUECnKuZWXqbkrFIky8yX5eg_33JRZi3Dw468hEsEMQzLJNxqJqz2l7dF3sbjTEzECmMfHgxmnViTR1FDJ1wu5w0cKiBXtBiyjOkELLtHXIcXzXl
testosterone blood test,https://encrypted-tbn3.gstatic.com/shopping?q=tbn:ANd9GcRss88VB9vpSo-39AkAkYe0xIX_xkVBnMEDOOgiP5EJmCToFCwe4_7-xFK8s6RetRgg3Se9Bnd4YSQmqLuE7bRYMTw6OcAxw2XUEPcivb7v2JUvTFrnbboIIDkw
testosterone blood test,https://encrypted-tbn0.gstatic.com/shopping?q=tbn:ANd9GcSDI8DAhSxyFs-Zc9MPLJMcX4CBaRsDD_7el-vESPe6AMhmklbxnA_qLeX65AZkaObdgNxHE9T6253dp1vcUs44fmAUbmMNTg
testosterone blood test,https://encrypted-tbn1.gstatic.com/shopping?q=tbn:ANd9GcTB32Z0QzoxgDWgNA9rcmYTOakbhjghXlrwYPTvGVBzCaCsXbwSK6J2hqQypOEaIRT05x-vgbW3cJFGMxNJoYPWf2EedM2OQDcI4T04WiteXWKEyNQ6KobA
testosterone blood test,https://encrypted-tbn3.gstatic.com/shopping?q=tbn:ANd9GcTuUosFHIz4U239KU5rrQCIC3L35TLhIZU5rIoP5E_SSR4nZ88sfQk6YrAKMQh7pIBMlwcsEX9tk5FbtBMOCxWFZTG0Z2O8
testosterone blood test,https://encrypted-tbn0.gstatic.com/shopping?q=tbn:ANd9GcRk2M5JRXo7xMyl2UCb-n97UnoPsA2f7u1iT9JcmG-SLYdVcu8vYtEKo_aJwLQlhGzA5gjoA5xdAiiawwPgVH4Zr8nFi5bpsyTGA9UpUriVwTnocnIcrYT_-oY
testosterone blood test,https://encrypted-tbn0.gstatic.com/shopping?q=tbn:ANd9GcRt6OGNgnihwB5U71P05j2__QIxHby6i3Spr87tRYXwurw-y8OmXKbmqUMejFPZuhV4iRnXyRgdw8KnlIfWxmNHESND3qffA_BCe5f-sqY
testosterone blood test,https://encrypted-tbn2.gstatic.com/shopping?q=tbn:ANd9GcQRhbqtOY0OEjJwR8rVHOlWltgUDEV8mHwowSBFbSyecHRA4fWDPU2lQ11WvrfkqFdNVbpFufND-q_B3neW_cUFDd6CqrTt9fdHNVw4Q0PMZ445sVRGaqJBOA
testosterone blood test,https://encrypted-tbn3.gstatic.com/shopping?q=tbn:ANd9GcS3m0uDMqHeU5mql_xYaNeKIZuIL-r5Hl90mhZByuSzpMs_3ANGQUUytslkNRL42PR3x7PItNMvgzqwPD_fW0Sdi7KK6VkCzA
testosterone blood test,https://encrypted-tbn1.gstatic.com/shopping?q=tbn:ANd9GcQOsIgsdf7pl355_wPbcXSJZ92KtCgaDli3GMuAWSyW4ZmyjZ5FY3iFKxXXHsXRWNWQEMwIR4NOhazQzodG7tk3YFd-AWHSrCIzzLjmnlhim94RfBm1SGe7Rl8
testosterone blood test,https://encrypted-tbn1.gstatic.com/shopping?q=tbn:ANd9GcT407klApEiRFThip7v13XSpejXymXnrNBHuAw9-3qCq-nghM1FQMnzlHCXhl6kzu4JEIk1tX1vbzUJtag_Rj6YZWRkrOcJXQ
testosterone blood test,https://encrypted-tbn2.gstatic.com/shopping?q=tbn:ANd9GcRTYo_l7Zy2A-3hxRO38HgVDKCdwrxGN4LK6YuU0MPxTGtSc66A5cjAr_jGIYifcdgXGFPrz227uknc2mvZcvxzehMSXkP-lMpAWj55aukeY3MGeyu7sqhvCw
testosterone blood test,https://encrypted-tbn0.gstatic.com/shopping?q=tbn:ANd9GcS-iNnBXGMpNVIeju9CupsI8_O_nD4IzqbN8Tjbuy-xNBDS7NC2MUsR0LG7h0rYPcJmVhdmNJWmj715wCfSj6i6ViWSuSuyCA
testosterone blood test,https://encrypted-tbn2.gstatic.com/shopping?q=tbn:ANd9GcTG-i__rYPuxhKse60MZCUZ-HjjJJgwENzdzsHQUuxvbwZ2OySsUp1u53d1cOZlZBjh5pdaAaVZZyTuS6aEMAbMPEtx3bijGFQRfbG5HFfn3i_OOkggVw
testosterone blood test,https://encrypted-tbn2.gstatic.com/shopping?q=tbn:ANd9GcRjlvYktzvU-I43Cup5PJnypuFv0GSdusZuoTtWKE0geN5Q86aet4Vifo7IYCa5oS4rUTJKfWOHIU7Mp-debC-eRGZLu_Auy_diJtBls2vCudbJXAQbWU_t
testosterone blood test,https://encrypted-tbn2.gstatic.com/shopping?q=tbn:ANd9GcSk1XKGHuUNnzsyH-ktsUQSvEHunXwsY4a5uOyg-fVndsYwBb8ntX9zb35J6IJtaEI52uWZj4LIQDol9TGdES-hJTD6A7upn5Al4TPpwCjMu_OwVdCRtUZMVA
testosterone blood test,https://encrypted-tbn3.gstatic.com/shopping?q=tbn:ANd9GcRWNPrncFGPMGK7ytQNZVgDhatK0JeOKWl6I_P5mIE0toL7uN4heWbyBDBV7eOrj6XZMa55DPvkA9Jl6ckcPXQx-BeBnB0VQa-DZkJKjEvZSrMhnr22vbKU7A
testosterone blood test,https://encrypted-tbn0.gstatic.com/shopping?q=tbn:ANd9GcQ3dI_y2O4NUEF8mr-llcRIg4GzB2F_nDHM-gYboIvU-xmVXiH9TrPFQXr5bU8t_ibn_D2qFLFTUcOcmYLYGIZyf0zcELNavQm9RjadQNl5MBjQXxKxXNM3Lw
testosterone blood test,https://encrypted-tbn0.gstatic.com/shopping?q=tbn:ANd9GcT9EtftUGlVoMq5PXs90835vRPRPlcIsSaYmd5v5yVdWZPPtH-RijsrWTImeJLihDCpVVX15L_0DAnVJIgFV5kq80k4yabh2Q0QqjrLJw_f6DqobEQ4XDU9UA
testosterone blood test,https://encrypted-tbn2.gstatic.com/shopping?q=tbn:ANd9GcSE7uLvNV_phiwHSVEKyWswAprBlG3cjJUeImU2IkGvT2wTmDdmq_6ZQp5HfSnu_38HZ_BvWIKY-0HbYnSlTozY9hf5v2n6mKU2v66eIHvExQ6mhlLJ0085Mw
testosterone blood test,https://encrypted-tbn1.gstatic.com/shopping?q=tbn:ANd9GcSHT9beNTYyQTwfFSIEFUCQSpBVg3oilOfsqIGmDiyPf8BOsbAwDA2Psd0SwopisB57DkCVpmUYLKw7nmZTAdGSxx_-_yeMVA
testosterone blood test,https://encrypted-tbn3.gstatic.com/shopping?q=tbn:ANd9GcSlXaPWce_vKj63flBNbX1SXpYOT71HrxqIIeT3SZCnA23dJipqciaFIILHJT3VHsVDzJuracLAZMp7oy89ViJPTskybSs5_lP3dLD3qs5h9YaNhCsBkDEo
testosterone blood test,https://encrypted-tbn1.gstatic.com/shopping?q=tbn:ANd9GcQ53LeAKHl-UHHe7YPDekRLIc79zTYsT9a9rVHGolDQF9lv0vwiVA2csbidqhRvP33DmBjUi4Qf_gPI3r8V_D4I8riQ7dPuK3PVGOhh6wd0dyxALesEi0fxKQ
testosterone blood test,https://encrypted-tbn2.gstatic.com/shopping?q=tbn:ANd9GcTCJ44U4nWpAfpRUPdJ4njHz4oDP2TVrv7n25TjhUp4RRFT32vFbRvK-WGy59KvR8GszhEuVwfjwlMsyHdYNM2jwsOhSEpp2ZQrZ_ODpuNSVpgBkAb2Rk1q
testosterone blood test,https://encrypted-tbn2.gstatic.com/shopping?q=tbn:ANd9GcSKj3r3lN6ZEX-D4tlyF8zwyd2aCs8hGL2t53m9s6dMXnksKqUZmeazmB1hzFCoEao_8fbc26G6ZvQ86fC4uxLqACoW24Sj
testosterone blood test,https://encrypted-tbn2.gstatic.com/shopping?q=tbn:ANd9GcR0cd0GJ0MR1KxnvOsaLFKugGQha7FMqPAeVpa9eY3BffiW0SbfXNnQIUmnDzKxNt9Z0zQbmJk2XY2O_Xs1X5VvD0Mo8kwHBGMCAdPAN1miD5CWBkY0j3nf
testosterone blood test,https://encrypted-tbn0.gstatic.com/shopping?q=tbn:ANd9GcTE9F_Oq_eSahqgeScU2sID86U0mYMxEARjBBcZ0xg0nCI2MXyQXgEcgAAzcs-1WHzreXwc09rl33ZNLEz1CJO5JU1khL3uQK42VEykPJyTls_KM7EOpltA7Q
ferritin test,https://encrypted-tbn0.gstatic.com/shopping?q=tbn:ANd9GcSRUfsXIw-xkKf2yK8LYbsCbh2uKNySzBuf5b92lFVcpuVBBdQA0qUNQ6Dg3shRvZm9OUFiRyWv9WSNSFBjWY32y5f-NGdpRv74yTXuCep1pLBQaoCYOFIk
ferritin test,https://encrypted-tbn1.gstatic.com/shopping?q=tbn:ANd9GcQc-joXv-rUPbloXQzUitN_9aEfbsZbpR9R0EIVLf8zRsDbjfQyYpHvWkjso7ve0xqrcR2vklrkxHKQdpDK34qo4eO64gfYPI6JPRrLMUt6GDoUCuGvOzuK
ferritin test,https://encrypted-tbn2.gstatic.com/shopping?q=tbn:ANd9GcTGiyo94KNNq9MRrGTVFsBf5rWkRS8WqndGNF9rBMXPiHGV-wfW0ezmtaU4nvL52XE-VdZShY4Nyv0ELIe7TBTBBjkBqNpOT4xXEHdf2JFKFOcPPEyTdaXs
ferritin test,https://encrypted-tbn2.gstatic.com/shopping?q=tbn:ANd9GcTi5QB-cRgXVmnawL7RnXJ1cMvJ2EeZI-fQaeeAKcUfyFto-qql0mZCjdeTYYGQ_UZQRsSay1cWKZR15bKti0HsMrl6GYNmB7c6V8s4xi4dpCPkSZbNyfID7Q
ferritin test,https://encrypted-tbn3.gstatic.com/shopping?q=tbn:ANd9GcRHLVj0WItH6HBTkdkk3VEsmuCUTPL148x9r7g6o1UytGbDyp5nBRAoqYCcGJ-Ae5pYI2K3W26pe3jNO0hPF7Y0Al7q31UcA2h_OZfbQ2UwpobEN7ndSUIq
ferritin test,https://encrypted-tbn2.gstatic.com/shopping?q=tbn:ANd9GcTA1rWrgY3S7CMquNVXlkWrIGgiMI1wAnyFNGnjFx77wY_61d6xL2_D1h9Uv2m0CsZ4cmTTn5Y9rk2dE-j-9yHBb1mwymW6QjnZPVF0sxrhXcCxUJAKXlWGUw
ferritin test,https://encrypted-tbn2.gstatic.com/shopping?q=tbn:ANd9GcTbUN8m7iVCIN46MZxJF0cMWpagAd9XDszQfAZOtbgu2lABZ1kCsnPYJ61lC0gW9YpFAeyJrePFzCvLUH-vmo2tAP5NVSR7lgDpj05pBa6tFbHW4cJpkX57
ferritin test,https://encrypted-tbn1.gstatic.com/shopping?q=tbn:ANd9GcS5tUGQkyZTALAgSY5HgMBiV_peKgjVdQ3fsRbYM2oxEu8GzrzoPcP--rgu45cswQfe0f1sfJVYyHKaWoOVDqNoKCudyQ18gYa7-KxkhCGC0flF8SkIiCZkmg
ferritin test,https://encrypted-tbn0.gstatic.com/shopping?q=tbn:ANd9GcSOf5Hrjndu16AJUsYeGN48PaZ0sOxHx49et05JpVbWZAsdxWwOD0kZEXAntRejE1tHcdue8rN9JYpht83APcfpurgl4vfLqHfAbxmjBanC
ferritin test,https://encrypted-tbn1.gstatic.com/shopping?q=tbn:ANd9GcQRqje2PhHF7bOh5sVhiz9SorKnkSRZRtwdFYShrFJOWnY6T_vcxRpvlagvYgaOEI8CsAxOvwBN8pppbUFC0spBDQj2E8iBONZ7K0hehCHyxXBIVRqtIfTYUA
ferritin test,https://encrypted-tbn3.gstatic.com/shopping?q=tbn:ANd9GcQhPluhVqs1cHkiF1ymGXpDIYnf0Aqfh0Ft02oQuodwoouoEvR1QP_V2VPYhp11iElCTxtirTNvvRzkNWVODDiqbwf1OUoKu90o4vztVfsO
ferritin test,https://encrypted-tbn1.gstatic.com/shopping?q=tbn:ANd9GcQdnveFYsmgqmQVQrJ0TPc6jdyFtErvuSX4Ysiht7-JGXe9GQojYO59YXWUs4GPHIVDvAMQq5t-aMp50ewfJBZRzqXmIBOl
ferritin test,https://encrypted-tbn0.gstatic.com/shopping?q=tbn:ANd9GcQLDwuLCsw6-rtuPdcHXmmvG_l0G5_fSDgf7Wnt3-20_Uy-NT4yFmzf2uOIZc2oeTKsIBdaOh17MTg2TIpvsLbrqZZRenj6bzpbmdWh3Flb7GgYnYUoFa3L
ferritin test,https://encrypted-tbn3.gstatic.com/shopping?q=tbn:ANd9GcSCJ_fSLzRrHJA4txf_9g0FgFivsibCLiHdy55A4d16NdNjL5Q9lKPM_2MnzM48xcf7fE9CpKQ2-dZgQepYLnZ_EOUC5B0i
ferritin test,https://encrypted-tbn2.gstatic.com/shopping?q=tbn:ANd9GcTbz-E9Y2W7zITUz1bD-2hGrdMFwv1ZeFve9YWTHjrYYc9y_X78jrZGUmUuni-TDzn57dPIgN9BsQ3S2toNCMmxO2KAab_SErT5yZCcc3L4HeYwRjdBbG0vQ7M
ferritin test,https://encrypted-tbn2.gstatic.com/shopping?q=tbn:ANd9GcRWFpNdou55httr_RYJFd-ufCs868zkpq8I0yB3kivN24qnJGk18zXemFTqKnTRejuYhEdj9vGfa3yZGXdxON6DcL2r2c_r
ferritin test,https://encrypted-tbn3.gstatic.com/shopping?q=tbn:ANd9GcTuUosFHIz4U239KU5rrQCIC3L35TLhIZU5rIoP5E_SSR4nZ88sfQk6YrAKMQh7pIBMlwcsEX9tk5FbtBMOCxWFZTG0Z2O8
ferritin test,https://encrypted-tbn1.gstatic.com/shopping?q=tbn:ANd9GcTfCaQIMWMurBDh7SSK_7rThNwfHt31ySGGsjWk14w4f5Ses-mpg8bOPRvpRrn8ThC-gVf8jsSq8OlgjxcPyt3y1X1IdIeFLOAeqdOTl-kLX_pjdEhRZCyR
ferritin test,https://encrypted-tbn3.gstatic.com/shopping?q=tbn:ANd9GcR0cmVOZPtfCiGNTIsNSOuVpPa0z8S_h0lwGNV7fRhN9D510JoqVklDB-M5e1icjzYrm4DuEpO-M--QaVKBOnkzc0iykXE7fJvJHliqdRI0P8MmwFymbHf9
ferritin test,https://encrypted-tbn0.gstatic.com/shopping?q=tbn:ANd9GcT_5qO5y5xN1IbqLhqwq-fzlfQ18X5cPCw0saY_ueSDy5zy5-pRHWgl_d2ovjCzkGCB3TQCQID9kGCbgPTHhfBiH_O38juTHqNMhgMOHSNG1Mtc5sHvbdK6
ferritin test,https://encrypted-tbn0.gstatic.com/shopping?q=tbn:ANd9GcTQhSO9WExWLL_crqEMjdN2nE-XuNR_wRtly0DDB6e2QxF5iMrozmHnlCXd35GZ6UBiu8BYMOjhlijzTiGGGNZLxWrwJYEX9lLANvWBGiaKGddlxBEAe85P
ferritin test,https://encrypted-tbn2.gstatic.com/shopping?q=tbn:ANd9GcR6dAbwCB60zcLwOLLmn5rGfFvSIW8aJhTlsUsf3LZbiFQ2bqtvc4ZEdg-j_UqmJd6gkIDzHZG9zT9ddvSZ_DMBr4yFqA4dJKIP5lr5lQR8IuKmAQmmhjdA
ferritin test,https://encrypted-tbn1.gstatic.com/shopping?q=tbn:ANd9GcRS6xoG_2qKyCRGVtM7azFy4Re_jvWtPc25OdifLvrP6kyhBm3gOvsPXchkmttf8yMbWCll4WxBQNqA-9XhxdKJj7k57uyF
ferritin test,https://encrypted-tbn0.gstatic.com/shopping?q=tbn:ANd9GcTiH-4m12dQoUDDmdx2UfJ761NhQmelvGvznUz49shdpenFnNHTlpxXH0Z4XHXiEzcG5jgmj_-fmI516aAHCb97yiMnu8B6ZsB_X6ISWFI1z0pVyCDjroC5
ferritin test,https://encrypted-tbn3.gstatic.com/shopping?q=tbn:ANd9GcSGRbJLT53BevXC0c9UmJA1jQl3__vS_rmw2JXucG1pAjskUOIOVMH9OJ1aB9bo3jQ9wGpebPY5ZYR5AuGDtVOLR4zjsO5ImnhDKficV3gu5Qrjr_FU6wxLPw
ferritin test,https://encrypted-tbn1.gstatic.com/shopping?q=tbn:ANd9GcTvuGkpsKMA1RtojbgxUBt2t-H_jhjPHARBs8nPCzL24yQ3hHSAyrDo0TtBSzXbROQR2UPBDvtMG9hz3wlLseGsWmRi40o22hxq-WzyUZuOyIu1SUAndNR-dw
ferritin test,https://encrypted-tbn0.gstatic.com/shopping?q=tbn:ANd9GcTX3auhZjKPwvbNcw5xdd2qLRHJtlOQ-a48M2V0lTty0-CYji4XlWERY5p82ds8iDprgOea9rseos2cGRkxtbWPfhIb76GiVRaKH0WAy2wgMh2HzTot6FTP
ferritin test,https://encrypted-tbn3.gstatic.com/shopping?q=tbn:ANd9GcQcdHOvTsNX7R8Ub9vWdZpIdG-iRnm27cjI42XSf0cekNGvlEEK6xQFKabx1jlbmynyXeQ4WIyaqt4_d3rJ0jzmHFogCe1tIA
ferritin test,https://encrypted-tbn2.gstatic.com/shopping?q=tbn:ANd9GcTvpV_Hc-50ezK6l7IEUZoIt5De3_ph_Yfluk0T8mijyiEeVTwbGmiQNPU-S5-9Rd6CtKXhTH1DueQNwSZzg6L6FrjCi6kyWDyMT9OF3IJtxvf1ZFfwoqFQAA
ferritin test,https://encrypted-tbn0.gstatic.com/shopping?q=tbn:ANd9GcRTDAvRlql8p6ckREISn0Hp5tg3xrpNutHywApZMixgBx1sEyn3TQ9_AEdnPE3laBjzn-hOgXgMAvkdtOUm5yZ2zxwVac_dHQuzNB8VFnKe-yXIvL23HMjmwg
ferritin test,https://encrypted-tbn1.gstatic.com/shopping?q=tbn:ANd9GcSnFPgEjW7TqmQuHlD7Ys6GBezpFEuEx7lcKY_B-pLN34La2i1p-E902lGf2F0DRK_oAVsaiOIIhSwO__5kIWVOTlHrWYqQVnIuPw-n61Zw9iErdTQ63wl0z3w
ferritin test,https://encrypted-tbn1.gstatic.com/shopping?q=tbn:ANd9GcTnToYv4K4qCNBdc08zH6OumOsDGERaxufB27jQzZXW4fr6eoQIISRUM5i9DQ8YMTBdy4ZmnEp54zjFz3dK5G5V-1X_67jnwo9U9n5p59BE
ferritin test,https://encrypted-tbn3.gstatic.com/shopping?q=tbn:ANd9GcTZL_5ohs4qQXp_memfLPwc7HqIV8x-s9KQDpfrZhHx63KiQnbC_ny_gaM-0uWb-rwBXv4b_YkxrRaSLe3uc7X-wy4-HFizZbHLsDXanWDk6mPxX7X-f7hhfw
ferritin test,https://encrypted-tbn1.gstatic.com/shopping?q=tbn:ANd9GcT3kuEAwODPEGKpe7bdPRmiXEjbjgP6_o4GcKIccQNf0FW4R5i6hE0o-g9R09RWxaHscpAtZW2pLOVcLM4BqP_HdTx1z6B3
ferritin test,https://encrypted-tbn2.gstatic.com/shopping?q=tbn:ANd9GcR-tkq_rBtKsksFpmB-zt2m0QVcY2vTd1PeZFXua-GxyY2A1imfmIWg342E_ISqUAhXSJXOhKXSD9-MjTthKSsHFx2oZFYfiGKOid5smT2OeGmJZYvOFg1Dsw
ferritin test,https://encrypted-tbn0.gstatic.com/shopping?q=tbn:ANd9GcQ80wix2SeToszPKwu8zINkjciJ7ILHYcaEK8IjKFe_mnC9lBFBxXBpASdKfJIihQdGiIidMU5142pAFYbVuDdajKe1XCEYLwVlLHr5Emiq1PbYMLgA48bS
ferritin test,https://encrypted-tbn2.gstatic.com/shopping?q=tbn:ANd9GcT5RWvQEFWdkudL-87Sl308ZIsIE74VDKXsVfpkWsMW7jSEYV6N-7St93XgA_JMcl8BoX_dvC_BeOud_KqOFKepuwrau9HoEZSiOV_mc1NklfY_7v63AqqNtw
ferritin test,https://encrypted-tbn0.gstatic.com/shopping?q=tbn:ANd9GcThf3hmNxlFxGJuIgdeVbpA6bI1FkVnxGOKoDVmoKFsRBAG8USLwcljaZqwMSDO_ziB3BUPMGba4ca-5EidE-IHXvAvhq5IlqJPrO7tYxYUvPADjgONJ78WSQ
ferritin test,https://encrypted-tbn1.gstatic.com/shopping?q=tbn:ANd9GcTZySaNP0ckkOcF35mtKx76WVXboEfTvzOks1PyVlAF2lVLaWjYLFL5aWUqhZz3y12CJt-KoW7oL91ZUznIMomiT6nTGv_-TSW77zrp63lZCMx_sx96btZ1GA
ferritin test,https://encrypted-tbn0.gstatic.com/shopping?q=tbn:ANd9GcTVc2RT6H7Iz_u1aYB2mFFqNL0PSW7h_vO_uY2TBFcZjLmhYHUWDumrsPm82G2OkoB0VO3K3dbLZCFlwvn0K3UkQ_7URTgA4n7t4YcOCPGx4NNNi8w4uiTWrQ
vitamin d test,https://encrypted-tbn0.gstatic.com/shopping?q=tbn:ANd9GcSRUfsXIw-xkKf2yK8LYbsCbh2uKNySzBuf5b92lFVcpuVBBdQA0qUNQ6Dg3shRvZm9OUFiRyWv9WSNSFBjWY32y5f-NGdpRv74yTXuCep1pLBQaoCYOFIk
vitamin d test,https://encrypted-tbn3.gstatic.com/shopping?q=tbn:ANd9GcSeKvVJlpn_2lVCEWauNAwrjFdwkCRYtkzHgsOus5x5SwsmL4yV2nW6obqArj2TYf-KZ7vc-9ioZu2Jk_wcwYiC44at5mO2h7Hk1Vt6cGEBvsyt8tIk7oA2
vitamin d test,https://encrypted-tbn0.gstatic.com/shopping?q=tbn:ANd9GcQc8FoK1-BeR7gBgbYKl6CjJ3E2kj0qpKsXS5BR7IyXcTOyLX7F65aqS8YX2_a6QPjizIdRPylQ1Z4Y87BRf8Zh0pDFtaCVI7f5W_KOp3kE4YUeLIDX3kejt7YU
vitamin d test,https://encrypted-tbn0.gstatic.com/shopping?q=tbn:ANd9GcQJ7hSXHij_jziHCQ4SRD28I2wF9QmPrZ6PkkdyGjd66FuuJcfm0UkRPuBIosuN8hDuZPPH8rg6U7eGePVWxb2xoMCSgqb66E4qzWoS8HK3FMBA_sncXD3R
vitamin d test,https://encrypted-tbn3.gstatic.com/shopping?q=tbn:ANd9GcTWtLVcDZ3k0Htqx0ePGJ7bRGPHA365KglS0VCrD0hp39BeM4qGLg94au6UUQY3GmumIEWch_H_NtJyqfxFMzl49j0WyCVoGx0wBDCxYM_7kqMuHPfoTpZt41M
vitamin d test,https://encrypted-tbn3.gstatic.com/shopping?q=tbn:ANd9GcQcdHOvTsNX7R8Ub9vWdZpIdG-iRnm27cjI42XSf0cekNGvlEEK6xQFKabx1jlbmynyXeQ4WIyaqt4_d3rJ0jzmHFogCe1tIA
vitamin d test,https://encrypted-tbn0.gstatic.com/shopping?q=tbn:ANd9GcRk2M5JRXo7xMyl2UCb-n97UnoPsA2f7u1iT9JcmG-SLYdVcu8vYtEKo_aJwLQlhGzA5gjoA5xdAiiawwPgVH4Zr8nFi5bpsyTGA9UpUriVwTnocnIcrYT_-oY
vitamin d test,https://encrypted-tbn0.gstatic.com/shopping?q=tbn:ANd9GcSR3vElkglVuOqOF2-oyGR067r1Au1BdktHOK4Z9BzV8-G8M4Ackvy2D3_GptJgiR5tYVg-EglCwL0SBGZUcUCOkRf6qUPtNeQIDOd47Ls
vitamin d test,https://encrypted-tbn0.gstatic.com/shopping?q=tbn:ANd9GcRAesx7AwkzLIcdxAGBSyHVINKges3GD1SwtZdAVhS1BUeD3zLW6FLcXQJJrsd9UaNyCaqgegTj31w7-uHN6fiKCh1CaEr0y9yFUiwOZtLw7WfW8NMGjb11
vitamin d test,https://encrypted-tbn1.gstatic.com/shopping?q=tbn:ANd9GcQFh0j80Ls_r2MzIegguhX1phuy6J40nav266kCgUEVtY01ZFI0umwrKWoA1YnQLKn3Ck7zsfSTPwWP7WLt5cqaum46Wxgx
vitamin d test,https://encrypted-tbn2.gstatic.com/shopping?q=tbn:ANd9GcR-ZHJKQE53mCXUZxWOBb4Fvsuf64mOm8Z6w7XrYZ4fZ_1ggUtpFtBz8NMHbVxAI_uOft_e1nEOcseG-YJ1hC1fJc8lK5vJ9EqOteNxCV_C75BUzuMoaBF_mw
vitamin d test,https://encrypted-tbn0.gstatic.com/shopping?q=tbn:ANd9GcRxHSG9Rf1lIrF9xIrWcB6xJPnrKugAbe3RzF_ah_s0UtBgOMXMPScvM_lh4Xwdy4o2IqFrWoI7KaiEHlhQkfazYdjmvBA-J55nSuA5CZp-NjWAZvft0k6mZNiB
vitamin d test,https://encrypted-tbn0.gstatic.com/shopping?q=tbn:ANd9GcSN_cPqTWSIyZtFsaqnlpAooSL60CWZFwmUD0N4fj6gAPzlBEXBFYmGIJFd5xKxm3oRECAAIGk8tA-HqQaDhfI6AQZCA4maqQ
vitamin d test,https://encrypted-tbn1.gstatic.com/shopping?q=tbn:ANd9GcTzue1ju97O6fTqD4qqy3phXn1wTasTb9OCIzI10NvUDGOCpZ9lz_KdSzPLi3NeeZt2gGUsQqmltwBSn1kmcbIGIPxvJgJ2mhgtGeEswevILQ2mwBUXhNa-
vitamin d test,https://encrypted-tbn1.gstatic.com/shopping?q=tbn:ANd9GcRmw9PHhtKGitISB2GVdM8qtoTBYBHghireAen_ke5RSnofPoSzOxVM8Bp3mVoUptMWrTJd2uxpt2aq8_TCUyydTJuDcstYThwx_BKwCJtrOg9qs28nRdPQlQ
vitamin d test,https://encrypted-tbn0.gstatic.com/shopping?q=tbn:ANd9GcQ5-UsytiofNFNBeLH0Pzjh1QYIf4M7_0_P_P7xNALsundrUlfIsmESxLwZu4biPe8lYjmbSBOcTsgNPGVbXSSfZ1rsIrDt
vitamin d test,https://encrypted-tbn2.gstatic.com/shopping?q=tbn:ANd9GcSUmLtBzPcDrhWsxzOM3rGBs0In66cP1WJcpBg9FtwZrJwFx4TCbhNA2CwZQWI_rrLwd_s_b-c_Oown58HzHiMNiSNJ0SaFkg
vitamin d test,https://encrypted-tbn0.gstatic.com/shopping?q=tbn:ANd9GcRkkpJZWYkbfr91soDq9eYqkYQcnx3TR6RkcE8M1nFA6kiP3SX7t8OY23QL9_e_vAXQcdiUUdrB9nDn2GIS-uixuo0wUCM0WlyssGUSV-Uu_VcH5VKfR1dx
vitamin d test,https://encrypted-tbn3.gstatic.com/shopping?q=tbn:ANd9GcQQKOECyzja_4nJV8NgyBcVsuwILF-tPRfcWQSdPLksgFdR6j7bLeQlDMTQOQs65cON5bJpDIC3KtH_8i3KDLZU9JKwI5pl
vitamin d test,https://encrypted-tbn0.gstatic.com/shopping?q=tbn:ANd9GcT9L3JwEzKn3NzS55qitfQvrDnxxCW2VYrZLHyavU-zzLqADn9__RGtqvDAzCe0mGT_aeRsbQN965l9UVpu3K7ky4zvYbzLIgYFENI6Iei3UVpUDTIvnlo13w
vitamin d test,https://encrypted-tbn0.gstatic.com/shopping?q=tbn:ANd9GcSvMYdiPvjrQOjPysEF15jaJo-VtSf8l6D4OOYAocSdAd222WGAL5AbyJmtQR0w-2iVGq1Vnd_gk0pmA1-gP9bwjvIMjsXjLQVNIDt5Q-GeycukOw6HWfUg
vitamin d test,https://encrypted-tbn2.gstatic.com/shopping?q=tbn:ANd9GcRM-fdx-YnrI4tFgd1LYb1IivZDcVq4M5a7M-fXwIX4idChQiu7bKrPwZcxd_tsCIQY9-_7DiedTLp58rPt3kGPrBdXZx5zz1ZNlE3tZDSDw2WimGaMJX3iaX8
vitamin d test,https://encrypted-tbn0.gstatic.com/shopping?q=tbn:ANd9GcQ3QVRYdT2TthRTGvStoGsK11qy1a1nTDVMJO_stW0ZazIDmdZFQeCudvwMpIJTnxzz7sA5wbFM-RMP6USUGikk-zB9n2pE-xbXxYYUE1Y
vitamin d test,https://encrypted-tbn0.gstatic.com/shopping?q=tbn:ANd9GcRI3NkA3tfvEzIn5q-VnjsakOier-fh5OFK0A56T20oruPQmOAxd5qIdur4yiQkGuRqVGRUAz6UqN2BSurcdLqUxrJ-j7tW
vitamin d test,https://encrypted-tbn3.gstatic.com/shopping?q=tbn:ANd9GcQqrIv1wGEXgAAa_sc3JUc441lYCgQifMx61i9CuepIcFHCV7yO_EhYrtBmVfjr2rQQzDFUnM0uUoc7HS0Wg-e5kktAnc0pxZ5jswWozBtDH5yCQEf4_gHK
vitamin d test,https://encrypted-tbn3.gstatic.com/shopping?q=tbn:ANd9GcTbfCTp-054J00apKxRAZ7LRu36ajsYPUpUppaGOLReg8wARfE1sf287UMSdjMTtdaFOUxEl4PbRMtlYe2bhpIkde7A-M3dbLKFxBNepezPcqm0u_LPf6wp
vitamin d test,https://encrypted-tbn2.gstatic.com/shopping?q=tbn:ANd9GcSUyWZNQ-CJbxERsbkUBNLLuyN1rSgOc7_Q6lwtoXzEtRyQOYS7JJyW21g0skwkXVD7eRXS_o5yvExC9k52GlKYFKiohJdC
vitamin d test,https://encrypted-tbn0.gstatic.com/shopping?q=tbn:ANd9GcR0tlDBKIE4Q-cNdRp12g6HEtyG43Ge8gKqe_Mtts7SuFQVVTEDW4JXihLWAgNqy3AWZ9GPqguCaNz52u6rFZgCbTrkndligA
vitamin d test,https://encrypted-tbn3.gstatic.com/shopping?q=tbn:ANd9GcTuUosFHIz4U239KU5rrQCIC3L35TLhIZU5rIoP5E_SSR4nZ88sfQk6YrAKMQh7pIBMlwcsEX9tk5FbtBMOCxWFZTG0Z2O8
vitamin d test,https://encrypted-tbn2.gstatic.com/shopping?q=tbn:ANd9GcTEoOxvMHiFt7QWFKul1fB3xXwk7S-9NAb2moGNPurzAROuIY5F-Jci2u3KuKx1XM3s9G_ldErbOFtcgYcf5Ua7TMc4J88yYCVuFhqDB9L4uDjwGn2eJV6QB6A
vitamin d test,https://encrypted-tbn3.gstatic.com/shopping?q=tbn:ANd9GcR01bqZjb6mym8aZvKascjTI4zCB1WRv0FTDWqoRIctz3eJ7N75WqBsuvcWnjg9f3baxK5ducvylH_u7Bhb-rTTvmDcRbX8GYVpPCsYME7hBkzqAN4eiJNS
vitamin d test,https://encrypted-tbn2.gstatic.com/shopping?q=tbn:ANd9GcQ3Z6vn593GoTjfLh-jDH62VRApF1uOKB6k9KWaCUISZe92l1XAstpEhEv1bnnzFSvSbn7SudredWhMWR9nPYSU0kkLZG_7PkeiVO1wIXhH_yQu74omvJbPewY
vitamin d test,https://encrypted-tbn3.gstatic.com/shopping?q=tbn:ANd9GcTxcXQrmdxo-7HhIovX7Ej2eNPlgY1hTG8LDluTNf-dMlrqsMXq2Z7cNhJ9HSOVxTx9a4HYEGWgpmejTDBX8Ot77ZHBNGuc9zue0iQmALU
vitamin d test,https://encrypted-tbn2.gstatic.com/shopping?q=tbn:ANd9GcQyQIsvJ39ZkWF6lsv11T5TZrzYCOhoZL9eHlpRTTipFwNt9thXgBscSAaFDp-r24_CmGcziFuZrnYODXb0itlu9uhNGBFE85s_r8XvYTw
vitamin d test,https://encrypted-tbn0.gstatic.com/shopping?q=tbn:ANd9GcTM_FRayXkbkU1O-OMWUbQHDiHZn2rJ4rV2HfO38lL6GNklrnx9LZJuzU46k3k88EoV7zl8aluE3qWIPgitU1W2TJRH6OOUHgh4N0Y7x4ElW3aUqiNM5aAj
vitamin d test,https://encrypted-tbn3.gstatic.com/shopping?q=tbn:ANd9GcToQiiwnowK7ThhfhAeF56zR4n5zcl4e48b7xu4xyT_l4b72Hze58GU1TxqTClCIPF8OE53slQmy0rwetCvjTs0x4IvletrXN1l61EjFTxjXZ6hs0bofeSe
vitamin d test,https://encrypted-tbn0.gstatic.com/shopping?q=tbn:ANd9GcSyntsxlcB-YEQOVvOA5Ho5xffi96xS_OtQdnCUwugOEJ3xBMvxAx7RHWGgu3OPc-hwurlg7po2mgzGE05jwjl28JxSydeAaRBEKdvS0OAk_XCKadiSN6Ql
vitamin d test,https://encrypted-tbn0.gstatic.com/shopping?q=tbn:ANd9GcQexNn4o1BFrTB_bp_WnffL8Tr-lGmaa5LN3ra9KnOQkoH8mfNdMoO2X4ciuHP_gemZagoGAXudiUyYyqsuzdT4ZqWLwvKYbduXWlfjtOD_7-39qMaOVk-YQg
vitamin d test,https://encrypted-tbn0.gstatic.com/shopping?q=tbn:ANd9GcToW7Z6Fkqh5KVRrnn73AvluxD7BODjGEb_ZtQdcagq596pi_VmQZUFRcDFhdHT1gmOZMBxjBh9GW2z-BMYDCkRAuwKZ53tv2sDeshPmd378eDTEuFYM11gkQ
vitamin d test,https://encrypted-tbn1.gstatic.com/shopping?q=tbn:ANd9GcRlHN40DByT_y3qYDfCqX6s6d8HGWHpL4j9wdMswx_Lyaf3TdRxTr1uPhUhmNe1hOk1AOmeKRVC94W68t-o3r9bz5hitsY3
cmp blood test,https://encrypted-tbn0.gstatic.com/shopping?q=tbn:ANd9GcSRUfsXIw-xkKf2yK8LYbsCbh2uKNySzBuf5b92lFVcpuVBBdQA0qUNQ6Dg3shRvZm9OUFiRyWv9WSNSFBjWY32y5f-NGdpRv74yTXuCep1pLBQaoCYOFIk
cmp blood test,https://encrypted-tbn3.gstatic.com/shopping?q=tbn:ANd9GcTjh-Jg2X2zrC40_zEcLVeI_Cw0l5wX0eskAdwU7P-elHqXDjYGtpyyDZcqJcwj2bQLdAH3_wNgePPY6DcOv02bCeJiDJwNI1LbJs_4e2U
cmp blood test,https://encrypted-tbn1.gstatic.com/shopping?q=tbn:ANd9GcR0AsBn1eyZgIqfzkvaGFopTuZnITB4Ev2EQFhU8uTNGpA8-F3oVxcX46HmZ_rMuxH4_BBmMxdbFKeoQUkYXpLZTSihz7dccg
cmp blood test,https://encrypted-tbn2.gstatic.com/shopping?q=tbn:ANd9GcR0cd0GJ0MR1KxnvOsaLFKugGQha7FMqPAeVpa9eY3BffiW0SbfXNnQIUmnDzKxNt9Z0zQbmJk2XY2O_Xs1X5VvD0Mo8kwHBGMCAdPAN1miD5CWBkY0j3nf
cmp blood test,https://encrypted-tbn3.gstatic.com/shopping?q=tbn:ANd9GcTYUI8MQk3Oa9lze7VvbtfGz5vBPDR-7bVgN38RjwuW4CQoxjrZJfJv_KFULZjHBcabbrsNM6h57gOc6HG_BXINDJtTDA7miAVGjB2vIFMPp2BNoL1kgmg-
cmp blood test,https://encrypted-tbn3.gstatic.com/shopping?q=tbn:ANd9GcRk7d10CrqBxg9FUKzwBN6ntQdSgZXCweZBUjqsf4iccLgoM0IrnnnjeDyLCmTcjNz5MPc5llYbzdQCRRgrqauy4CuBFWzvTw
cmp blood test,https://encrypted-tbn3.gstatic.com/shopping?q=tbn:ANd9GcTuUosFHIz4U239KU5rrQCIC3L35TLhIZU5rIoP5E_SSR4nZ88sfQk6YrAKMQh7pIBMlwcsEX9tk5FbtBMOCxWFZTG0Z2O8
cmp blood test,https://encrypted-tbn3.gstatic.com/shopping?q=tbn:ANd9GcQcdHOvTsNX7R8Ub9vWdZpIdG-iRnm27cjI42XSf0cekNGvlEEK6xQFKabx1jlbmynyXeQ4WIyaqt4_d3rJ0jzmHFogCe1tIA
cmp blood test,https://encrypted-tbn1.gstatic.com/shopping?q=tbn:ANd9GcQtd_3ZXkvV31O59zYs9q0thSwCZnCMr8Rz4uDWqA7fQ8ZfV5DRLQ-bi_zxf6iKAntJN9lok4ynu-9KA79lqz-DwVMSWMbH
cmp blood test,https://encrypted-tbn2.gstatic.com/shopping?q=tbn:ANd9GcTbUN8m7iVCIN46MZxJF0cMWpagAd9XDszQfAZOtbgu2lABZ1kCsnPYJ61lC0gW9YpFAeyJrePFzCvLUH-vmo2tAP5NVSR7lgDpj05pBa6tFbHW4cJpkX57
cmp blood test,https://encrypted-tbn2.gstatic.com/shopping?q=tbn:ANd9GcQ5VdQu1hke2-fkd6Iurg7BE3DySVZUwKc4ViE12diOjLKDhbwzrR5P45c932RcnBMp0lVHfK1I5cZOeOvZA-MgkRZ4fpGru2lauEa0KDTTHETW06OD3lQx
cmp blood test,https://encrypted-tbn3.gstatic.com/shopping?q=tbn:ANd9GcRYeizbNMpSY6cUXHyU6ZJ1ofUGjXhQ7pnotvvH35ZJ5rwFVAO1ip3IcMAHr0fdTQTBM66SH0cFzPXUHmB8vnmFXhL20lYk
cmp blood test,https://encrypted-tbn3.gstatic.com/shopping?q=tbn:ANd9GcSiSCfQtxQbTS8MDxYUmxs5Om11aSI4xghgpg_cBd9qMRIBTgoBgjKHw1Zr94ffm_jE0_GVZ-WeYZ1uMjeFtegQ-CrTQj-4
cmp blood test,https://encrypted-tbn3.gstatic.com/shopping?q=tbn:ANd9GcQZvhrisj3ev3YV5Y8pTGO5IYUkUK9fL1ZH96pMdeHcur64Xk9GR71H3YtQWFAQssltgHTAcDfMm5wee4BQ9wd3TuA4_XQAzVGKIRT9K1JTMn4eZVclOm_ZEQ
cmp blood test,https://encrypted-tbn0.gstatic.com/shopping?q=tbn:ANd9GcQpwvoEs5TS-u0sLb5zUX4uImTIkNV4eTK4YijOTAnOiuDGtqRtje5h5jhdXP1x2bOkZkT0QS6fnWdL4RCCAzSYxInlNNeWNnaKlWGxlxue
cmp blood test,https://encrypted-tbn0.gstatic.com/shopping?q=tbn:ANd9GcTjxaq4BdnSL2Urih34tTgiFOewRavab6ITvhZv5fs9Is7VWhul_nP6wNF3pvPyV4MPm4n98pZH7DPkmzQRafGsDBHrg-jk-A
cmp blood test,https://encrypted-tbn0.gstatic.com/shopping?q=tbn:ANd9GcQyuJI5bNMo0_B_oJWDhc5M0R2onRfFB-7QQmHI8ZyR5GUWzRJbehYgxk3Dgze7ZauDMeUayRhPu15cgWgJdNV2surCjp2BSOaG81ZT-xM
cmp blood test,https://encrypted-tbn1.gstatic.com/shopping?q=tbn:ANd9GcQx-Pr2q08NfBJh70CPJr7fM_M2sjVJ_g_veeZfpRafDzOTwW6OlYGvRBYaLJYgF5bbAviyqec9Ll3-QEPzXeJkRy_OWNUjLUXlJd0SF1TGZvkMmN3Q90lY
cmp blood test,https://encrypted-tbn2.gstatic.com/shopping?q=tbn:ANd9GcQtw2Xqm7ZccHnPLusAgeqsGoO_gNgNtIFXkk80GaKo7KCrrwxH56uTvu_duTpxvUq-aKbbWqao_GXLB9jDcKQZcJqgQY9dDMPA3yimkFl-
cmp blood test,https://encrypted-tbn2.gstatic.com/shopping?q=tbn:ANd9GcQ8voSu27GOXvgVtQejBUXugI7IbzoJLBmBPKvjy0yHsIeTBokPv7lx9cOJ14MXuFXlNmGtG31pC8x5ngltaV6AejWECz2JItvQAJ69cZvf1y_eutSV8-0
cmp blood test,https://encrypted-tbn3.gstatic.com/shopping?q=tbn:ANd9GcSwnq0Y-ceiDMYTibrJN6GYGy8-60bndZXBtl-6Vu8UB1whSuLfWQ7b6CpIZQube5TswJ8wtPYQcG4SMKpoYdU0P7v_d3ho
cmp blood test,https://encrypted-tbn2.gstatic.com/shopping?q=tbn:ANd9GcRqe8c8HADyTUYuqZ9xwsfSRnOjoQ3Ffz8ZbdauWEZXjbPrPtJh66FHd8AkCuMMtfglEe4hpRThbz3ytBUPZ3zPYoFkaE6h
cmp blood test,https://encrypted-tbn0.gstatic.com/shopping?q=tbn:ANd9GcTQ5xHn1EI8LxjEKI4vaiy6mQ8zf6IxtPemm6wYTUv8s8ba9P-jcgp78tFdz8Q0avM1Y4ZqWwRZHUCOQjz4EYZyGbPvT7I6nn-bWUSKiLP7NnPjHwn2ANbS
cmp blood test,https://encrypted-tbn2.gstatic.com/shopping?q=tbn:ANd9GcSGHQPQZUF2s_MscALLsExTBSjxBgZr3vvFvrhlD6oZ5fMQp1DGxXzJwOT9EjVT-OHtrLrI3kR2Idi6AGXBR_n0PEYVOIZIOQ
cmp blood test,https://encrypted-tbn1.gstatic.com/shopping?q=tbn:ANd9GcRwwSSL1aXRGeT3wL7aJEHdsDOAqcVr2t3vBKbl4bG2vG-VSUOh-y0sfSIaJLx1XFaTksrUi_NmvX_RQ7jHA3TIKQ712a8BlB_f4DFJhnU
cmp blood test,https://encrypted-tbn3.gstatic.com/shopping?q=tbn:ANd9GcS_4eM62bQ_6V7QDAVYCUKXoLKj82lzIXT9oCdbh8-8w1LwtVXxY9iW6PwwgcTzWbMUFla5V-RTG70W65OkYmSsvjldAF22XFWCeJGGlLI
cmp blood test,https://encrypted-tbn3.gstatic.com/shopping?q=tbn:ANd9GcSwDNtRapTlGUU0k-9XE8UgV0eW7n8hqTTSK8k5eS0bcW3-R78yxA6e8pQKqVqqQ4dy19S8tOouthw-w3tDS1Kj2SPSJkxsv1qaUsnyf5vTGdG-tbb9FvJRpA
cmp blood test,https://encrypted-tbn3.gstatic.com/shopping?q=tbn:ANd9GcS0Zg92P1406e0fV89cCmyAqQiI8hhI5qRV3nqtqf_E5NvPb3TaSlxVOj2Wzp0N-OPxLIxhEu1p12Lyer-rP-rDwNODWRNj
cmp blood test,https://encrypted-tbn2.gstatic.com/shopping?q=tbn:ANd9GcQslJ2O1AV3-K1dAm6MJrp2OAh-iEPJD8Kb4VCb3hGuRlm9yBT1x5sId9YxTlNPOTc2RoWdDB94a5HxBc9gzyBCW3bHZv7MYuvyk-y7_dP2FcM44cIOHcr0
cmp blood test,https://encrypted-tbn0.gstatic.com/shopping?q=tbn:ANd9GcREbu2kyU1rHvUkOPW_HIyTCzfiXxAfdXiDXQtLO34767FZ_E-CViAjXR0ByxvzmfTXKMQg32NBizuzsXmEyD3joVuEytWmXk-Rymjy9F-7K2m8Cy11akdJDA
cmp blood test,https://encrypted-tbn0.gstatic.com/shopping?q=tbn:ANd9GcSxUoPvJ2GHWlP5kH0Si6XBKucMWnxa47KJ-BYCPUV80tNQMl0zBNrcT350srpjniZiIlc8_W1UyJQBSdYRkepkKjoScswGHQK_DW3W0M2jtK-vTPEYaXU
cmp blood test,https://encrypted-tbn0.gstatic.com/shopping?q=tbn:ANd9GcSjSIsq5yockE72PPtE262HvmALNoZX-AMJZECzKIgpqkwGDwuRnTHZ42zbVjL03WdUNrqRJqIlqieERqiWZJSlhbETSmCn
cmp blood test,https://encrypted-tbn3.gstatic.com/shopping?q=tbn:ANd9GcQ69tFV91e1HzNFixlPXTCj-xCiH6C6NE79S1P8Rjpyn45WELoC6C02u1Dwx6B7ftmgelD5aI1DIGm2Gka80BCqHZuxhU0E
cmp blood test,https://encrypted-tbn1.gstatic.com/shopping?q=tbn:ANd9GcQGGn6HvTAUf3XpqwRpH1xpJEfs-8AcaXauAuhEj3xhB5k3RtvPrScDAQUr-LiziBPVRuBJokuzBUBvoHsbdepTZuIuZFWfBDqyjfSXbLfcFbYmgR54WwN2
cmp blood test,https://encrypted-tbn2.gstatic.com/shopping?q=tbn:ANd9GcS2vC7Dejhkh6QHRnTmdPJsCJkbAaJxYAI1BQKzx5p_1Uzq3h5mBi5Oa2wZE9KtKWRg0qXBEcBr2l6yYFSQ1yTEsYnIdDUHbBeTpDxPaxk
cmp blood test,https://encrypted-tbn1.gstatic.com/shopping?q=tbn:ANd9GcTRlJatG8DQxPRrFD2GKoEV_BgLD53LS9AOS2Rm2wJe4z3z4STwjl-ZsDHpRbQI8n_IAvAC_NAcSasFP3julJDVLqlQP3xgsg
cmp blood test,https://encrypted-tbn1.gstatic.com/shopping?q=tbn:ANd9GcQG0kNPL72XdabkXmncoPwWrzht8qWERLRiPOupdch3zeKqA8D4s1nN3F2b8PieYDpUfa2w8efo1BmwjRYT_Smzm8Em7XZA
cmp blood test,https://encrypted-tbn3.gstatic.com/shopping?q=tbn:ANd9GcRT1TTCG84uGnim-ZGkpeUl-s0ciDQ-6iPe9WDLuIPFkPCUv0SwqXBRmTlJOncxH7ugQKrSv_UpIqnsfMx_-MhV6w3kJd-ki3auOJWrFfC29mAPLfHyhBlNvw
cmp blood test,https://encrypted-tbn1.gstatic.com/shopping?q=tbn:ANd9GcSpCCYorpL5FfiDafrGc2U0aqHQojK2d7ByHJzsZQECwrxPgO34gXKRv7yr5jM1MQ5VodZoPc0YiNBGiMire0HyTm337atVhwESKCBaJ-inACc8RG6pCMad
cmp blood test,https://encrypted-tbn1.gstatic.com/shopping?q=tbn:ANd9GcQcxa2ZiDx6M9L7FAg3essnPEYMJ7TJm3lSuSFaYIXfgOADwle20-h8weMS2A-FEXOMVZMUD-x1DMu1mHyK8Q6hC4CAQffa
crp blood test,https://encrypted-tbn0.gstatic.com/shopping?q=tbn:ANd9GcSRUfsXIw-xkKf2yK8LYbsCbh2uKNySzBuf5b92lFVcpuVBBdQA0qUNQ6Dg3shRvZm9OUFiRyWv9WSNSFBjWY32y5f-NGdpRv74yTXuCep1pLBQaoCYOFIk
crp blood test,https://encrypted-tbn1.gstatic.com/shopping?q=tbn:ANd9GcRwwSSL1aXRGeT3wL7aJEHdsDOAqcVr2t3vBKbl4bG2vG-VSUOh-y0sfSIaJLx1XFaTksrUi_NmvX_RQ7jHA3TIKQ712a8BlB_f4DFJhnU
crp blood test,https://encrypted-tbn3.gstatic.com/shopping?q=tbn:ANd9GcQcdHOvTsNX7R8Ub9vWdZpIdG-iRnm27cjI42XSf0cekNGvlEEK6xQFKabx1jlbmynyXeQ4WIyaqt4_d3rJ0jzmHFogCe1tIA
crp blood test,https://encrypted-tbn0.gstatic.com/shopping?q=tbn:ANd9GcRHtGjxndg4lMUMLytl-EKvrjOral88GGsSAfCfwMUuQTWH4vAHUD7KFunXwJSGD43xJ0iX4zrxKRPgumIF8vl-LMzLm5jLljwME0eJaWXX5CNVKObiLCTD
crp blood test,https://encrypted-tbn1.gstatic.com/shopping?q=tbn:ANd9GcSO5Ry-BDEQkx8zryjCJsqeN0QKdr5VXtjt2PoXTj6SETcOHSi_hdJJPZkXomIjiKVB2jguPNzGts2ZImphzNENQ0Aa_T7VQTupd7ZODI5uEMWiwI-xZIaOXQ
crp blood test,https://encrypted-tbn0.gstatic.com/shopping?q=tbn:ANd9GcTbHMDqBjeubgOFIztKRhZCBJujwXSmu_mUPj7QYXdv2Z0kiPr_No9al7KosZb1PgpdrjIknARfdx9QrNCyj7nCrBzBc1lYY85m8fzUXVRkmk79yogAKi2Onw
crp blood test,https://encrypted-tbn2.gstatic.com/shopping?q=tbn:ANd9GcTbUN8m7iVCIN46MZxJF0cMWpagAd9XDszQfAZOtbgu2lABZ1kCsnPYJ61lC0gW9YpFAeyJrePFzCvLUH-vmo2tAP5NVSR7lgDpj05pBa6tFbHW4cJpkX57
crp blood test,https://encrypted-tbn2.gstatic.com/shopping?q=tbn:ANd9GcQm66MLTJ-IWvjQev7NrBQZ-Fqb_9mXuvjf1hG5zW6jMJtadXG3AIdoLECBHmpE7217Xwpueh8BNOTodU5JUOAQmvXTERTayHtRnKb-Dq2ayNapDq-ZByVRSw
crp blood test,https://encrypted-tbn0.gstatic.com/shopping?q=tbn:ANd9GcSvMYdiPvjrQOjPysEF15jaJo-VtSf8l6D4OOYAocSdAd222WGAL5AbyJmtQR0w-2iVGq1Vnd_gk0pmA1-gP9bwjvIMjsXjLQVNIDt5Q-GeycukOw6HWfUg
crp blood test,https://encrypted-tbn1.gstatic.com/shopping?q=tbn:ANd9GcRxO2NiMOwyA4q9lc0II_IeAwHljx_CSChMfWYf_HWtKCdDWUbGKAgmHKO53S1zVVSdJ_UlIgzyjgM_MOg6Db2zskZXUhQL2g
crp blood test,https://encrypted-tbn0.gstatic.com/shopping?q=tbn:ANd9GcQc8FoK1-BeR7gBgbYKl6CjJ3E2kj0qpKsXS5BR7IyXcTOyLX7F65aqS8YX2_a6QPjizIdRPylQ1Z4Y87BRf8Zh0pDFtaCVI7f5W_KOp3kE4YUeLIDX3kejt7YU
crp blood test,https://encrypted-tbn1.gstatic.com/shopping?q=tbn:ANd9GcSLJ3rSh9lccNRU_3Ft_qIcGpWslxAugM91jSUhWLWC5LH1MzqNOpJ4bUtymJ1EsmpYPTWT8zpZs1nHGFjpygA--TatRbcbK-FiZBYHD7Cu10XmVkaFlFzS
crp blood test,https://encrypted-tbn2.gstatic.com/shopping?q=tbn:ANd9GcR0cd0GJ0MR1KxnvOsaLFKugGQha7FMqPAeVpa9eY3BffiW0SbfXNnQIUmnDzKxNt9Z0zQbmJk2XY2O_Xs1X5VvD0Mo8kwHBGMCAdPAN1miD5CWBkY0j3nf
crp blood test,https://encrypted-tbn3.gstatic.com/shopping?q=tbn:ANd9GcTuUosFHIz4U239KU5rrQCIC3L35TLhIZU5rIoP5E_SSR4nZ88sfQk6YrAKMQh7pIBMlwcsEX9tk5FbtBMOCxWFZTG0Z2O8
crp blood test,https://encrypted-tbn2.gstatic.com/shopping?q=tbn:ANd9GcQhLuy9-qodgZztsDxaWUj1dXfeZOmYB_6EMUjpwdRwDVR0ZKzDtt1VwannquyyHRmxIVERDUehkiBCSJJResq9jG0EEJARk8NCNYvvvZhfyfkeJ9U5gY4
crp blood test,https://encrypted-tbn1.gstatic.com/shopping?q=tbn:ANd9GcQ2ykOuOBN4YdBwEOytslj9iKlrCL8YMhFMgWAA4JzkkaRnW_YLGgxq9v0ROCZ_33TieM9YLTMx6BSXBx-R0AH2xKcdcoiE
crp blood test,https://encrypted-tbn0.gstatic.com/shopping?q=tbn:ANd9GcTkri8GBItULEMXIJCOGVERmSyon8bKb4stx9u70yFlDgMejhtAoOYU3o_sTiRrL4tptXxdVj9xX8LNNDtQEV2S0UqDNhFYcCw72HrIylsxUam8PIorZ5pZ1A
crp blood test,https://encrypted-tbn3.gstatic.com/shopping?q=tbn:ANd9GcRegSzcN5hzu3qh2cWdNLBdusTpz6IEZQ3kgCZLqm0rzwYAEed49efKaDJpczAcFRWK7yVqLyQRrETC7nJ99rz-NPjdauda-_mPbjZc2xXA6eURYs5T0-94ffaC
crp blood test,https://encrypted-tbn2.gstatic.com/shopping?q=tbn:ANd9GcRp6Af-GX4mzwCXCCqaQuSkYd9pQsNu3JR8lo_Cd1BxO7GYTm4a_tSRhpU4kReTf2bI2RGagTp7Oub3bsYF-CIFYhkmdsvsbEd-VATl5HZc3EBMb6lJy_6OtYBG
crp blood test,https://encrypted-tbn2.gstatic.com/shopping?q=tbn:ANd9GcS6ogPldAZz8iNM42GifKk_Fcs8S8E5qBUGnNJhxZsW5jdziD-VIoZtWpZF8Yag1xqFpWr6e-BnmtAajea3SZc4gGwWnEOsZUgWaaDX5az8HX_9YnbWgMj1mQ
crp blood test,https://encrypted-tbn3.gstatic.com/shopping?q=tbn:ANd9GcR-oGAx1uJ33Jy2rxud0VfBeM5qtgKmxPMbaJdHilvzUKsgr94ir8hIMtS_MAzJVjTqiAMQq71BCM1eiSsO8eFIweezImWbuLgZQyHp8dAGR-5S24aIA7bFmQ
crp blood test,https://encrypted-tbn2.gstatic.com/shopping?q=tbn:ANd9GcQYKrSlK639wXELvymLOCxBDCn5J1g3wD3gdUHhjhX-v35MeaQ3ilrKDcARswlUpromq-kGABNJYln2-jUZdCdDgsyzM2tFoAUcgYkAPCnH0ZkF2tEhuR2U2P1m
crp blood test,https://encrypted-tbn1.gstatic.com/shopping?q=tbn:ANd9GcQ-nMm2VCdL3hfyoQbEo4TBOFr0-y8K6y6KWErhpyJ-ro_IxF6dpVAHcx36jfgW30Zr_Sl7hAjiCziNVoH111xFbhrWuteEDg
crp blood test,https://encrypted-tbn2.gstatic.com/shopping?q=tbn:ANd9GcTyWg6S1YvveZbU2j2foKKPHtcqodl__j3jp1K1K3fXpZmPIkpJt16442atWzdcIR0zUkbrY5CCCF9ldByxxbbn425v9vo200YN2Grf0rk
crp blood test,https://encrypted-tbn1.gstatic.com/shopping?q=tbn:ANd9GcQBGeRr6SFGfH1cF8P4B46dr0tqK5bZqB8lVXmW3Y6b8iaDUgYQo_MaOZjNbtb_fLIxdPFe5WBW7uIWFhdOVtQNpz3bzWas-Q
crp blood test,https://encrypted-tbn2.gstatic.com/shopping?q=tbn:ANd9GcTGCnOLxPC07F4XcDSX3uq2O0lmUXBQKkTdaixexjs1DG0OKIEjCn2OlVw6HrUnADLfAKy6k9tDXIr9-JGholz0q0fRtko3ITV4sTrEWVycvWZKKc7v0jf3Eg
crp blood test,https://encrypted-tbn0.gstatic.com/shopping?q=tbn:ANd9GcQBF7MCIA0tEiXUr9su6hAYRsPkOQDKxYpVcOa-6JHIFCJ-HikF8IhlpyXYnq8TgmZawcvIRAOk_QAySoPasRuGke2CJmJukOte0uauNL4WIUu7lfCmE-8U
crp blood test,https://encrypted-tbn1.gstatic.com/shopping?q=tbn:ANd9GcTFKMhQvsUQwsEdjw9DXIjEB3TekKJ3UNY10FE3B1ZxTbS4jsSIibj1OlVCthXR4xHDgXLOOs1jT0TKuC8TIqjofpFBr-Fl
crp blood test,https://encrypted-tbn0.gstatic.com/shopping?q=tbn:ANd9GcTRhuYjLq5QF_48oOQbY4BAuNtTibQspx19npedDvL_9L9OQ6w9CwEs2e0xocRZitUZ1DcSVA4a8LRduBzqWl6tf0KGEw7v6Cjkp-q3nOpBldfUovBCInPH
crp blood test,https://encrypted-tbn3.gstatic.com/shopping?q=tbn:ANd9GcQFUnG5jLE-e1PPtXlNO_nq3bFSJK8oGTZeak1WGklXIJpYXL74D2C-Oz8qEnizUp58UF1HD9X_Cui1g7N1hrbUkStgt93R
crp blood test,https://encrypted-tbn1.gstatic.com/shopping?q=tbn:ANd9GcQGGn6HvTAUf3XpqwRpH1xpJEfs-8AcaXauAuhEj3xhB5k3RtvPrScDAQUr-LiziBPVRuBJokuzBUBvoHsbdepTZuIuZFWfBDqyjfSXbLfcFbYmgR54WwN2
crp blood test,https://encrypted-tbn3.gstatic.com/shopping?q=tbn:ANd9GcQGTVs06Zr5-oxmby7tw1G7XFZdEz_93mRa1Gq6s1tnOYA0jcBeu0sHVClSV3ddmC6vzqjw4Cy0-fUqr9piPtMEutAInzjp5A
crp blood test,https://encrypted-tbn0.gstatic.com/shopping?q=tbn:ANd9GcQpwvoEs5TS-u0sLb5zUX4uImTIkNV4eTK4YijOTAnOiuDGtqRtje5h5jhdXP1x2bOkZkT0QS6fnWdL4RCCAzSYxInlNNeWNnaKlWGxlxue
crp blood test,https://encrypted-tbn0.gstatic.com/shopping?q=tbn:ANd9GcSS3jrm9RkHB-OTBgccEyz-rtOfj-KP57wAsfeqKCYg85nFHxc0OL9UglZnPamzQR41oYzhg0wtd1vzeGdknZmUyVAGhnfuUoHsMUJcflyCkHx9N-WYNDTvdQ
crp blood test,https://encrypted-tbn3.gstatic.com/shopping?q=tbn:ANd9GcRj-3p23BX20ymNS0ETxlkFF8k-r28R-jgpnh6OFIl9cbKXxV5ytY4CSQLM8kjx19IYU2lxn-Ncm0-YNLaf2TUhosHlGyi7qw
crp blood test,https://encrypted-tbn2.gstatic.com/shopping?q=tbn:ANd9GcRYusn5_jlWs8Z93FSvm3rwvuhvcu4WIjMmaqNNmh6sYeZ252-Pnd42_FbsWlzNCEXs1UV_cg9Q9nFGNxHktfIJeSjTlAG691rO2tIPexNU4rchOEnzTw7N_g
crp blood test,https://encrypted-tbn2.gstatic.com/shopping?q=tbn:ANd9GcQWQlVTx-S0uI1NmVmZ8qYm-4X3AYro9Up32rFPnkfemgzBYXTyulfVL_POMa4kN2By3JZMNggEKRzftl5yjiESBOsobeubEVmRyfT26WVwnpawcHDpDu74
crp blood test,https://encrypted-tbn0.gstatic.com/shopping?q=tbn:ANd9GcTrfnnQJ-hIGX7Dl1mlnDQfx1m30KUAXKF3DagPUap-gVLslKe4w0cE9fflje5djTju5gu72xpLWayPNY_r17ts1W9Gz1vGnxO_NOGykw97
crp blood test,https://encrypted-tbn2.gstatic.com/shopping?q=tbn:ANd9GcSCLvl_kRYBesORs3dCq42nr8vbwSil9FGlZFSNs52GQMUlOFLaJyhz9BJpvLw3swEqq5xaMkRAaLIMXPh_EVi-yXeyLI9OGaH__slQo_M8ZKw6NJvWyMmF
crp blood test,https://encrypted-tbn0.gstatic.com/shopping?q=tbn:ANd9GcR6JtG-aMITLc7a9sUr61zlxYz8NS7XIV5dnb3nnDi2BbbJPnfuBQ0aP2dE0_KtBkSMG_d6-heFQaes7hEZVc-nISbjWfN4jovnrGBrextUZSsf2WrfYBepQCI
tsh test,https://encrypted-tbn0.gstatic.com/shopping?q=tbn:ANd9GcSRUfsXIw-xkKf2yK8LYbsCbh2uKNySzBuf5b92lFVcpuVBBdQA0qUNQ6Dg3shRvZm9OUFiRyWv9WSNSFBjWY32y5f-NGdpRv74yTXuCep1pLBQaoCYOFIk
tsh test,https://encrypted-tbn0.gstatic.com/shopping?q=tbn:ANd9GcQYU4ZMqd6LFXOz9Ivxzms2g80XfV21JbsukmxHuGe6I2de3HKuJulAZfyaCEMpNr3PAGOJs2UgGPjpK5C1PMBfZtby-1UPHbEBSfzOtLPv1SXayT-6cusL
tsh test,https://encrypted-tbn1.gstatic.com/shopping?q=tbn:ANd9GcSbPQr8ZQWZb6XIRYyep1oQjH8cU0qwPEFf5-fdcwc4EXI5kMvEvZSA4R4mHfHboYNonXm7u216wjlCsmFtQgxakRskvh4BBJ5s4ptt1EBC
tsh test,https://encrypted-tbn0.gstatic.com/shopping?q=tbn:ANd9GcSqYz003Sm_PFTYmH_Tv2T1GXCiw_c-EREyTmom2IxwVoCf7hXRI2iecYSZd2pqgaERGX8QLBGWjlCosxbdXdZN6uDBqxrwpn5o9y-_cxsNYiTXbD51u8E9
tsh test,https://encrypted-tbn2.gstatic.com/shopping?q=tbn:ANd9GcQhDumawCMBX4cow-GBhvMdMkstiDNtJrT3pbWWybVqYCbzr89wcRkZnZPYIay6o8TPOitRx4sxImonK0ifpZgQ85UGeXvCitBS7L-yTYs
tsh test,https://encrypted-tbn3.gstatic.com/shopping?q=tbn:ANd9GcSxvJgcOslseoZ5JN_T88Ypvenw8BelJN90RXBk-9uvo4tpaph0eWxdPxyfXwPCDccBR9aVuRe8b0Rafl4d5Hz9TNq_cKZTSAxzWoiSeOs0F3p8CjYomRZd
tsh test,https://encrypted-tbn1.gstatic.com/shopping?q=tbn:ANd9GcTuo6IRp8j9ZJMQKlIPihhKkXw1GjDh3FIn0QyF0_Tq5KKYumIxYhD5RnX1UoHQNnx9k9pFGSw47Zz9-sUSqs3pOmuw6Kp7lxB7GyKlwD6d0d6e6w5DK0rMj5ZK
tsh test,https://encrypted-tbn3.gstatic.com/shopping?q=tbn:ANd9GcQS5oAfBilYi-0BzqywVAD59Cl-MCl9wDSeax5WmAVTn2GATOOomyeKUUB3xvgS6DJlAwpMlzIvDhZZcEAXDGU3xFBshwQTznipXfg5yj005Nsf_D_tFbVEBQ
tsh test,https://encrypted-tbn3.gstatic.com/shopping?q=tbn:ANd9GcQcdHOvTsNX7R8Ub9vWdZpIdG-iRnm27cjI42XSf0cekNGvlEEK6xQFKabx1jlbmynyXeQ4WIyaqt4_d3rJ0jzmHFogCe1tIA
tsh test,https://encrypted-tbn2.gstatic.com/shopping?q=tbn:ANd9GcR0cd0GJ0MR1KxnvOsaLFKugGQha7FMqPAeVpa9eY3BffiW0SbfXNnQIUmnDzKxNt9Z0zQbmJk2XY2O_Xs1X5VvD0Mo8kwHBGMCAdPAN1miD5CWBkY0j3nf
tsh test,https://encrypted-tbn0.gstatic.com/shopping?q=tbn:ANd9GcT5tQaLDjK0NVVCvjOSLeq7sdNe7Ea8r0BgdOuy3EKl-eek-gS2ThQJ8ZcqjzZ24fA_9XIerog1ZJMdo1U88EFtDsXGo1u6HfqCIJR8yEaS3mcIyU2uvS8V_ag
tsh test,https://encrypted-tbn2.gstatic.com/shopping?q=tbn:ANd9GcRtwZp0COfBxZYGKwN30COvUnP9f2vBZWtmCPJK_rrACU5K1CoJYekDUEEsZ8mNGcb-pxHZJun4FLHy_ndSMfRSPUuvPsgTbomQNRvCjh6u
tsh test,https://encrypted-tbn0.gstatic.com/shopping?q=tbn:ANd9GcQG2GBzbPltigAa3d0ce_ShWipu7ki-VT11e9IjE368LkueGsFUj96IsOUIJqMrOdKUOUdm0mj97NBUCfrXxH1zpFAK43epNA
tsh test,https://encrypted-tbn1.gstatic.com/shopping?q=tbn:ANd9GcRwCGZWXtxATGg5fQGX5o82p8Y7JuWVUUS-3mgtdmrS7S5BJVSbRz2lrZR3-ZJPGFfbyTSdKXWOOFjBHd0_qMOVHJdv3jcB
tsh test,https://encrypted-tbn3.gstatic.com/shopping?q=tbn:ANd9GcRgwQwCT1SCm5G56AHVnhcfjfXwz3RXMpvv-Qm_Yh28pNWiEdeKCgFJPsIZ-DTt2EIHcfrV9EQ7eEQpICZRAkUkxzp7gxypnEEzdYLlU8gV
tsh test,https://encrypted-tbn0.gstatic.com/shopping?q=tbn:ANd9GcS-VTWbED-BljYAx8JRM9Fe5DUIJWjGm4pnP1vKDe5O4r9aPceDJi4ShPwfHa74uz1BsSKcnD0sJxILvdV1ZbeoXkSqJXfV3g
tsh test,https://encrypted-tbn3.gstatic.com/shopping?q=tbn:ANd9GcTuUosFHIz4U239KU5rrQCIC3L35TLhIZU5rIoP5E_SSR4nZ88sfQk6YrAKMQh7pIBMlwcsEX9tk5FbtBMOCxWFZTG0Z2O8
tsh test,https://encrypted-tbn0.gstatic.com/shopping?q=tbn:ANd9GcQGP4PbMy-2h9HPOBTpP-x_I3pIK_gY4kz6PtBxttqAV4R5EX6RMfzoVGbwcBgTflQ9QfRyOlkv0PExxQbj-RDi1OGZDFhuWVaoQk7tmtfheC5xBLs3pixjiJg
tsh test,https://encrypted-tbn1.gstatic.com/shopping?q=tbn:ANd9GcRxO2NiMOwyA4q9lc0II_IeAwHljx_CSChMfWYf_HWtKCdDWUbGKAgmHKO53S1zVVSdJ_UlIgzyjgM_MOg6Db2zskZXUhQL2g
tsh test,https://encrypted-tbn0.gstatic.com/shopping?q=tbn:ANd9GcTAhiZQIl7o4XTk57iArfzH3cAcofIociE1KSfTX--jJSVBMNh35vlD0NtNG219hEjowf2950Iyuu9XvnEfMPklNZ3XX08YXLV5t2jb8fbp7fRg3U2QxdZRgu0
tsh test,https://encrypted-tbn3.gstatic.com/shopping?q=tbn:ANd9GcTc0S-qP6skuMxncmmhLbW14q7gSfvWFQ2CFqDU-Y-x6AN83VO4lYPn598YKQToKh8L3-A55wKHCwn8DmeY-uwjrM2u02_UBeKwp_TeqBmfe06ZH4IoWKkU7nc
tsh test,https://encrypted-tbn3.gstatic.com/shopping?q=tbn:ANd9GcTYOjR1WljiKe9QDkhadXw3RQFX4mW2e9R8pM5AwI6lITf7MISw3_rC_P4UgZRbSkHZ4f30PGkyvr5heY_1cgtHU_ISzgjjMzZi-FJ78-dkJa4Ecc5i7xyC
tsh test,https://encrypted-tbn3.gstatic.com/shopping?q=tbn:ANd9GcQURfCoZOfQQAZ6Q5kNQmn3h99JnSq7Nb_FkJKm8_eFvQX3iN0_9YS-0l2FUUaCGp03-o-FQqufQ5t1FYskjgKiQbhR0qM2_ZrOojDJCGIwyuAiZvjU8Y16AA
tsh test,https://encrypted-tbn2.gstatic.com/shopping?q=tbn:ANd9GcSAuPJ0byxQt_WKBjBSoobxV1LzGsYAyK7j245JJz9hNPr1EXWJ6P-g2Qcv4ohWv898Ulzmq2jR_sPLda0jNvnaDhmWEkHwkEnu94n5SmzVuoGu0JLy4vrS
tsh test,https://encrypted-tbn1.gstatic.com/shopping?q=tbn:ANd9GcRHCwfdmcBGcy03cOW3I3HzPLb4QSBwOUWkYZn0wGtUPtvJ9pkQExkIrnarBN3-B0wPvhI0YzB3dSxnPDQdOBhxWifnuvgWbw
tsh test,https://encrypted-tbn2.gstatic.com/shopping?q=tbn:ANd9GcTbUN8m7iVCIN46MZxJF0cMWpagAd9XDszQfAZOtbgu2lABZ1kCsnPYJ61lC0gW9YpFAeyJrePFzCvLUH-vmo2tAP5NVSR7lgDpj05pBa6tFbHW4cJpkX57
tsh test,https://encrypted-tbn0.gstatic.com/shopping?q=tbn:ANd9GcTUlMnjz72erZX6pg5SCaNYHaGkWSmjRD2V5-7JS4IepH2WqjdvNGnp4e-13HgAR5taN1UUUGXgYwAL-iycHnEbqqLJaaJgb9GAoDSxcuPUhDlWDedWldWi5w
tsh test,https://encrypted-tbn0.gstatic.com/shopping?q=tbn:ANd9GcSPOF2Te4khCTrrz_mbmfZcDWw1AB-QD5xyrRIfmbZgkWxEMVIpLkzK4Hai9EprHqlVHwDILUFknecE7WuFKjXTpnFAjygq
tsh test,https://encrypted-tbn3.gstatic.com/shopping?q=tbn:ANd9GcROP_KpU9HlZ88xKS1o8xTl7Vxp8gCN4d1PGPdtn2l9QhJGIY8un4mMcACFlHJG5oeekkColCFQyUgA4HjtClhAvCcv-96Pq8UWWJxvjfa3bOpFZWx_kf09
tsh test,https://encrypted-tbn3.gstatic.com/shopping?q=tbn:ANd9GcQJG9xv_zjghzCEYTpuFVTwrc1EZO5bCFomIdJNzPv8iTDhjeuIfw1hQpr_nUJ8p8xvJ1rKsIhBfiRTBxBK2AA6qmRl9XG0M-NeZGP3PjQ4PdeBDG7kQLbmaQ
tsh test,https://encrypted-tbn0.gstatic.com/shopping?q=tbn:ANd9GcQv2pSNoRyXzIBDeeMCHTl4pwjYYd5xAJCh5-sIM_x7weL9NuLl4TBfAsyxIXdjMN-WgrI8-KglCWRHA0uY-EB5w1sKcOxb
tsh test,https://encrypted-tbn0.gstatic.com/shopping?q=tbn:ANd9GcRk2M5JRXo7xMyl2UCb-n97UnoPsA2f7u1iT9JcmG-SLYdVcu8vYtEKo_aJwLQlhGzA5gjoA5xdAiiawwPgVH4Zr8nFi5bpsyTGA9UpUriVwTnocnIcrYT_-oY
tsh test,https://encrypted-tbn3.gstatic.com/shopping?q=tbn:ANd9GcRu6nzfixOq_n2iEYt3dlageH9MDBduPIJcsUh7MS2mliQSe6-X9hKmUksTekr_rWI06uLQpSS_xFXwEbhYQ0YsnecDNy1KzOaKrDSmCukRXyGzokfs0MDGVA
tsh test,https://encrypted-tbn3.gstatic.com/shopping?q=tbn:ANd9GcSfOO33M0Ielbnvd_iG2tisXPozKU0Iy0IRVxD7CFuzooo8QxIv0bLouJ3X8fC1Vy2hIv4kAdyfDQFSGxC5QiSiXo0pCm8UYrlSbZ0390pp
tsh test,https://encrypted-tbn3.gstatic.com/shopping?q=tbn:ANd9GcTUYn3Za1PIEY2hXlsxH612ngrRAyNkRH7KtsoPJGclyG2OY2mTxyNz4FA1_EvrtI-CgoXDxeKEuyFuDlU4ZIUuR3_3AeDPSK3-LFGMhgyjZUYdHPpHJZxz
tsh test,https://encrypted-tbn3.gstatic.com/shopping?q=tbn:ANd9GcQBW0kCao2QU3_hnLgWDSbkhrQ6_diTtXtf4wSVxafaM9aWl1we8CGfJsoBbFkwMsiT2rKeCVfciEJyjmpXOUqUF0sPfhv7Ly1lRwf-zNaElHx1Fos1U6wN
tsh test,https://encrypted-tbn1.gstatic.com/shopping?q=tbn:ANd9GcTnIp4NJyQfwzTUoZG7hOUA-GNSVIgC1zvutZonK8wAQD6-xmrnMAtPeybQmzXOADYHjZIL7UpHByU082XmNQMEopjlcIAQslBgHoxXafkGczan4BdhEumamQ
tsh test,https://encrypted-tbn2.gstatic.com/shopping?q=tbn:ANd9GcSNN9sZHN2fwX4vRRo6gv5IqqW4qX9adNZMf44xR5VJngoG1e3fjaKSKHV0X6rDttEiV4TzYxeoHL8qTeLM2A0CKl6rbqFlMLh7XIJWFLagssP7QEISUtXZ
tsh test,https://encrypted-tbn3.gstatic.com/shopping?q=tbn:ANd9GcTmzJ3dMVCDVUPHMMe2CSaoZvoxkO-51KXE3gOoS45qrV0t_9Ac8n5N7ICFEdB7YFAXWSSQp5RbclDTmDD_pR9H8_K5W60o
tsh test,https://encrypted-tbn3.gstatic.com/shopping?q=tbn:ANd9GcT8EG5rf4JBsSALDSuAfaJSCML2J7VLE7bl8XeN_Zwt7IveWtwgDLEdY8r-jGQqnPnw1jrvubakvfQ3jTkZBnntigbp4wqRU6Da9SNOC-2UDuw2ltOc7h_5MQ
hemoglobin a1c test,https://encrypted-tbn2.gstatic.com/shopping?q=tbn:ANd9GcSOnB3XfkFOS0Kb_n9haSDQT64_vMmRy-iUEcg7vcUC_ad4CtLxHPECJGVm-87vJZF38elwZkEMv3EPM_QNDlWomZlHj_g3TH2_7zMXRE8IOz8TbrVhQTLx6Q
hemoglobin a1c test,https://encrypted-tbn2.gstatic.com/shopping?q=tbn:ANd9GcQMFm9sgayZ1wuwnObeS6o5pqhxWaFvsVvVSdiXaBuxJgWO9fzUsnyzX8i_s4WrEoDfFWiS2JTboWjyau-H08YBYfC2i-vNn1e1LYmXxfh7sAhS7_7Cj0A
hemoglobin a1c test,https://encrypted-tbn0.gstatic.com/shopping?q=tbn:ANd9GcSRUfsXIw-xkKf2yK8LYbsCbh2uKNySzBuf5b92lFVcpuVBBdQA0qUNQ6Dg3shRvZm9OUFiRyWv9WSNSFBjWY32y5f-NGdpRv74yTXuCep1pLBQaoCYOFIk
hemoglobin a1c test,https://encrypted-tbn1.gstatic.com/shopping?q=tbn:ANd9GcR0AsBn1eyZgIqfzkvaGFopTuZnITB4Ev2EQFhU8uTNGpA8-F3oVxcX46HmZ_rMuxH4_BBmMxdbFKeoQUkYXpLZTSihz7dccg
hemoglobin a1c test,https://encrypted-tbn1.gstatic.com/shopping?q=tbn:ANd9GcRmmeoYZTxoZXwG8DaWrVe4DAlASazMyBuxLcZi5FNL5G50tGVPiJN8ysVVm7nPWcsHIaPX179SrANwAjWHwYG_AT3lpN58wi0hOuKyCkplXF0RoCRYYjmM-Q
hemoglobin a1c test,https://encrypted-tbn0.gstatic.com/shopping?q=tbn:ANd9GcSJgszzqUNvRACVrZKljytH9ae1W2Z8J8WNHsNIGBeP4RJtLNKehNbybyK8LODw_1wljTpfmyX59puCkY1COKVJ7L0CDsbG1jFvQ4JwdMjvmZJBqb4UpERQX7m7
hemoglobin a1c test,https://encrypted-tbn0.gstatic.com/shopping?q=tbn:ANd9GcQ5BA2T7U6tfrXBd3lVAwOjMskCAngoKbZOLnLDUfhMbDDuwqi0-T37sStVYRuLeSs9H9BFtu2Vj9tFffRdXrEmrEVZl8JN9AozEIrXjYx19mX4gyixZAhu
hemoglobin a1c test,https://encrypted-tbn3.gstatic.com/shopping?q=tbn:ANd9GcRn9LTlmKIsyEH6jrIDFxbRBzD1jMjltq_AXISzMmn2XL36P7ns_QD55eeFIQsUvIm5xlF_UwXvwE8mSvr4FbMSBaKUQYR4-e7jMUV3Fn48ccs3--eXIhsWXQ
hemoglobin a1c test,https://encrypted-tbn2.gstatic.com/shopping?q=tbn:ANd9GcR95HbzfgCIA0W27IY-JX4cjv3jotkcrUnTslVrrEg25pBCR2-cibpHghv6JSLVUtLN50EFi0YGnbIE_Z67kOcPD6RZl7osTghiqnloF8c
hemoglobin a1c test,https://encrypted-tbn3.gstatic.com/shopping?q=tbn:ANd9GcQcdHOvTsNX7R8Ub9vWdZpIdG-iRnm27cjI42XSf0cekNGvlEEK6xQFKabx1jlbmynyXeQ4WIyaqt4_d3rJ0jzmHFogCe1tIA
hemoglobin a1c test,https://encrypted-tbn2.gstatic.com/shopping?q=tbn:ANd9GcS7kOJ0fjMSX3f2RyTPAHe0HmiG8AKHbNppfWrEql_TNh47vsUsLkVymcfrFcAztPaMDWCUw680thGj3zI7Fc7S1ScHg2oPgLCUnjCjFb8I694aKDD-5TO5
hemoglobin a1c test,https://encrypted-tbn0.gstatic.com/shopping?q=tbn:ANd9GcQWhQc1AKa7LXgxsp3XFwSC8hrtgHA-eZaw1IU12R7GDgkLbP68eu-wP8ySabayUt__nv-2QcsVBhSQ9YlSUNF6C99S9CpEp4xA5VwD7BR3HQNyXZqGyNcLBA
hemoglobin a1c test,https://encrypted-tbn2.gstatic.com/shopping?q=tbn:ANd9GcQbMpPTxm5lhDxUBWORJGpamhu0NK0-blwx6NwbfyrmCZxfqGWL2drAWPZgANzIie0oMjX9T9aL1vtrBopPgk_2-K7KBr1wM768I259wRGAXmVxlG6-sV_hUGw
hemoglobin a1c test,https://encrypted-tbn0.gstatic.com/shopping?q=tbn:ANd9GcSDI8DAhSxyFs-Zc9MPLJMcX4CBaRsDD_7el-vESPe6AMhmklbxnA_qLeX65AZkaObdgNxHE9T6253dp1vcUs44fmAUbmMNTg
hemoglobin a1c test,https://encrypted-tbn2.gstatic.com/shopping?q=tbn:ANd9GcQJ8E-JsFFPGjrNeIVXggJZOe4AP4kCGj6UAzGfe8ZusRpbUpE4rOntlPIr9owur0Mhu2-ku50HOHZHhQAECs3CHwzfdZelebI8ff0C0CipdYWMZlX6LCikKqkB
hemoglobin a1c test,https://encrypted-tbn2.gstatic.com/shopping?q=tbn:ANd9GcTDiprNq6V7a93vCBkRSch-re0GzA3IdevVJVFhLGZ54NbHFGkIQoJhrtheliK7s2P2E46ObrZYSvJmktqez1MyvzSB1rCr
hemoglobin a1c test,https://encrypted-tbn1.gstatic.com/shopping?q=tbn:ANd9GcQLylzRO6sMe8lNHFeWUrSJdxCq_qNxOMu_jemM1jljSeBIsFdoMi8l8ukYzUaixe8Aw542txRwQitUSYlxOFxhCU0CCMCNF_gbFVFtBYuI-ESQ4gJiMb6u
hemoglobin a1c test,https://encrypted-tbn0.gstatic.com/shopping?q=tbn:ANd9GcS1gY4RfD6DgpjosxKPBr5ftfXk_HrPzPHwvrA8s2ZM8PoUX_avH7rAmV-qb7tAGrsiK5xQn68NVmPT-Wd8jsYAugutdbQW8q0Oz9_fCmRrt-_L9P-Bnz9WyQ
hemoglobin a1c test,https://encrypted-tbn0.gstatic.com/shopping?q=tbn:ANd9GcTkE4uPn2Srv0tWu3HZCqSYyhwUWAI1B9Q6nlyfjQi-xtKAzR0xjpGNj7Nku7er6ER4o3VSZxWxODx8oqLwFnZUkuFhHCkx9Ee02S-pcl2VB8YwMOdnq8pZDA
hemoglobin a1c test,https://encrypted-tbn0.gstatic.com/shopping?q=tbn:ANd9GcTcYh0xKXeUTAUtt-ID1Sxy_M2LAJ7GGdAq4cpzAKXL0pYwLjrCWXAxy0ML1eO2sgqUYM61XByAu9T24kYxbcrcJakThJkhCTO1sQhi0UOxjy6z1L-fEs0Z
hemoglobin a1c test,https://encrypted-tbn0.gstatic.com/shopping?q=tbn:ANd9GcQPGd4NRAA3hXvunj5mvZIHjXo8Kf6qd9XvIyaAAOKr6sM7Diuht6NkFisZR8Xgb4j1Upnku1j9ilVMHKbJCYUdu1mePojylQQlgfMoJlfW
hemoglobin a1c test,https://encrypted-tbn0.gstatic.com/shopping?q=tbn:ANd9GcQrlIzufBSXogZ76aYqHTVsRuQXYVz_BVYMXJBXUEkaq4avIdTV8Owq7xNACqKXP59xUp5F9HmkzQEjCvNwIQCDjo_pJ9caCjO7PYF_tprfOK8SJT7ZrOjn5w
hemoglobin a1c test,https://encrypted-tbn1.gstatic.com/shopping?q=tbn:ANd9GcQODykGIYHsHQjEEOQ0daKHIWleOzj7Ywq2pF2_kpnDHwan88q_M9kTlWC41bfQ9thxoiJDNHloB5_hp-QnZENasIRDb7hU54JHup-Bqpz-TOsJdW-IpnSr2Q
hemoglobin a1c test,https://encrypted-tbn0.gstatic.com/shopping?q=tbn:ANd9GcTwK9NAlcmBzByvgC0zcQqCPE3FiQyRdv295pVi1FGqFpKR7VvUZO2QT2fvrtXBrDyI_KfiSfjE-6F5O2vjhIxHia7q2ef4QfEDLD1Ga2_M
hemoglobin a1c test,https://encrypted-tbn3.gstatic.com/shopping?q=tbn:ANd9GcR01bqZjb6mym8aZvKascjTI4zCB1WRv0FTDWqoRIctz3eJ7N75WqBsuvcWnjg9f3baxK5ducvylH_u7Bhb-rTTvmDcRbX8GYVpPCsYME7hBkzqAN4eiJNS
hemoglobin a1c test,https://encrypted-tbn3.gstatic.com/shopping?q=tbn:ANd9GcSwnq0Y-ceiDMYTibrJN6GYGy8-60bndZXBtl-6Vu8UB1whSuLfWQ7b6CpIZQube5TswJ8wtPYQcG4SMKpoYdU0P7v_d3ho
hemoglobin a1c test,https://encrypted-tbn3.gstatic.com/shopping?q=tbn:ANd9GcQv7XU95dPpOcd0YbTt4Sevoidg8AbhWX8w4y6WXuBp2qfoqoBwGEoPoEVLVG1bcgIReYVA8ajE9TwUUGR157SFjboACKG5tQ
hemoglobin a1c test,https://encrypted-tbn0.gstatic.com/shopping?q=tbn:ANd9GcQDssR4Tt9HLLN14jH3uvrqBRlPpAl63vurqGpvxVpCETKb5LJAii53ISEFspnpPzybwIqOksBKGGaTAGnUVM6m8kPvOLn67t8QUagHPnw
hemoglobin a1c test,https://encrypted-tbn2.gstatic.com/shopping?q=tbn:ANd9GcSQVGs7IIhxVI-q6fOosD3is7aIXbaLhgZEENkkDlqFc26eaLKcK1t-E06oqGxoaT3hRtvPJvAlmVUg4hXxkkqb3fTpFVYDnpCesBwHpDH2lEvv6tmNeBUMLg
hemoglobin a1c test,https://encrypted-tbn1.gstatic.com/shopping?q=tbn:ANd9GcRyPBgG8UZV963sSVQ03gQnO9R010aZk0mHlOCTOnPh9Decf9Nn46SkTuUW2HpQvZDWsXRnxWQhccSeToOcEjGJJGdC48m8Nw
hemoglobin a1c test,https://encrypted-tbn1.gstatic.com/shopping?q=tbn:ANd9GcTivk6nt0Awby222XmEs3JTby0Nxinz3fyeDNnmrpNwxwq3VhGZv0aRFmIXpskbOr1VC2aHDYcZuh8T05vTHSwnR04ON3Zx
hemoglobin a1c test,https://encrypted-tbn1.gstatic.com/shopping?q=tbn:ANd9GcQHJAyrencOpE0Re_FYqjscCtwi577ewGxMJohC_dboq4pH2ZqMjcjcSV3QhPgcyXB99y-BjbM5jiS3aCU9UW0cv_9jQdW0h4NCJoe-H38-ASNmJBtLGE_X
hemoglobin a1c test,https://encrypted-tbn2.gstatic.com/shopping?q=tbn:ANd9GcQaGV2NwTjhM_P5hceY6ytJ8RCqIUUMOSpsRcUKyzxPAsmjIRGMU90EFHHcaH_l7JdQev46oa_wpZ2yy9QajQLdgGz934cDOQ
hemoglobin a1c test,https://encrypted-tbn3.gstatic.com/shopping?q=tbn:ANd9GcSLXGHhvbbuca86DbBDm_ZOuNzm0XAVbyFIEjN2VxxuwHog08z49UrV-MuK-_GqTUaev1d3HW_1q0UXeW3W5QOkPlbSBs9hDCWR9bdynpk
hemoglobin a1c test,https://encrypted-tbn0.gstatic.com/shopping?q=tbn:ANd9GcTR6XLShwr2Cd4x0_IXmibDJLZ3GpPhCUfP2jgDg28nYowJM_bwvxWd0sAjjiQi4spCkgkVu8ScCKzeVwMgwIvfyMWf0HCLSdXLoGjAlA6e3HZn90Qqlkx8
hemoglobin a1c test,https://encrypted-tbn3.gstatic.com/shopping?q=tbn:ANd9GcQ6wY9chTSI6dXgqEVJHVaOwFQGMPzw6rzI9c2ZyX8CmaPM_QFhphSeKVCi8fWybkrQX8HXrSaW_GjEoT4rNz4p1JvuKS5J
hemoglobin a1c test,https://encrypted-tbn1.gstatic.com/shopping?q=tbn:ANd9GcRxO2NiMOwyA4q9lc0II_IeAwHljx_CSChMfWYf_HWtKCdDWUbGKAgmHKO53S1zVVSdJ_UlIgzyjgM_MOg6Db2zskZXUhQL2g
hemoglobin a1c test,https://encrypted-tbn1.gstatic.com/shopping?q=tbn:ANd9GcS9aF_ffwApitS1X-9otcIlbANzcA2FsACvxnXq8z4rgu8ko8-BQXomt2BE8mBpSjgjBge90a5tJxxsU5VADrvVYbj7r0BLQusR5NC-ye0J
hemoglobin a1c test,https://encrypted-tbn3.gstatic.com/shopping?q=tbn:ANd9GcRSl5EWsCVO2FulHWa9Xy6q8UMubSTMs-1uXFToeTzKfrNpZUTT4X-y-InTGjk3U8x58-dpO8Z_0os-hY8wxglUSq8w8tkGqkDERJozEzCVTUFZRGbCRyJgbSU
hemoglobin a1c test,https://encrypted-tbn0.gstatic.com/shopping?q=tbn:ANd9GcRMK2r9zzAh6Wi_Wl8F1hwvHvfguQrpfjb19QgjYe-b1x8EhZxsueh5miPuPJ2odkPszIXgx04mBrcoy4adBo8khIoLXgK6OxgH5z9GuSAYItkE20IH2LdSL_sQ
lipid panel test,https://encrypted-tbn0.gstatic.com/shopping?q=tbn:ANd9GcSRUfsXIw-xkKf2yK8LYbsCbh2uKNySzBuf5b92lFVcpuVBBdQA0qUNQ6Dg3shRvZm9OUFiRyWv9WSNSFBjWY32y5f-NGdpRv74yTXuCep1pLBQaoCYOFIk
lipid panel test,https://encrypted-tbn1.gstatic.com/shopping?q=tbn:ANd9GcR1USN-MF0Hs3jxj2N7FJ3dzBsQjdYuYo4Fti0L_aCczSeIyRLW87sF21uV8z7eHeO2yTy8vSNOfPPqoL6QYNhzwqt3tBrJuJ9sKxxLxYHcfPYgpyHx3QMyWw
lipid panel test,https://encrypted-tbn3.gstatic.com/shopping?q=tbn:ANd9GcQcdHOvTsNX7R8Ub9vWdZpIdG-iRnm27cjI42XSf0cekNGvlEEK6xQFKabx1jlbmynyXeQ4WIyaqt4_d3rJ0jzmHFogCe1tIA
lipid panel test,https://encrypted-tbn1.gstatic.com/shopping?q=tbn:ANd9GcTnoUAfGnILowytyD53N-Iy8_6jB0PPfnOrNK8d6-iA2ubpV-Lg4lOrBXa3Ly9q4KQEB8zx-ct1qLrthN4SCK_yZRMKDaRX4aGKk8rbggucoLCeUKOlYHEGpBU
lipid panel test,https://encrypted-tbn0.gstatic.com/shopping?q=tbn:ANd9GcSO3KDCDWMc7C_f4nEDnIjv1fom78c-JVZC73Jaquf6HLUsfSZl3CWvtHCaLhg2SJf5nen6otobsJ_2yM1vnFvK5vQ88jmJu-xP-_8QfBih
lipid panel test,https://encrypted-tbn2.gstatic.com/shopping?q=tbn:ANd9GcR0cd0GJ0MR1KxnvOsaLFKugGQha7FMqPAeVpa9eY3BffiW0SbfXNnQIUmnDzKxNt9Z0zQbmJk2XY2O_Xs1X5VvD0Mo8kwHBGMCAdPAN1miD5CWBkY0j3nf
lipid panel test,https://encrypted-tbn3.gstatic.com/shopping?q=tbn:ANd9GcT-ISIHWnNeSY_O8ZykOklLt2rVf_zvba94HnHX6oE713kn_dEs58N3bMtAxCoWLyMnDFRcYDy5EbXCCtU-8bM_y6csvzHtQtz4XGIug0Val3KUmdPykEmc
lipid panel test,https://encrypted-tbn2.gstatic.com/shopping?q=tbn:ANd9GcTbcq2p31wdLM-XmEzgEgHeqkzEt3ixxav-K44TgK8ClMUqjViEcJ3dkZItRZMX-WeEMGXvc4KuQrIHVIZhS-bp-b25XHyFDaL5Kt1nuxA6
lipid panel test,https://encrypted-tbn3.gstatic.com/shopping?q=tbn:ANd9GcTuUosFHIz4U239KU5rrQCIC3L35TLhIZU5rIoP5E_SSR4nZ88sfQk6YrAKMQh7pIBMlwcsEX9tk5FbtBMOCxWFZTG0Z2O8
lipid panel test,https://encrypted-tbn1.gstatic.com/shopping?q=tbn:ANd9GcQuQLXS2mFRsgfq30ZOPftRZFifzKg2ahwuMbeozJB2WZ15JYxYvTRiaNG_fJEaePgz3Neee0MlwYFlldJc7HS2ZYtzrmj7L7kKpk2Nk0cU_bCowMvDmUBe
lipid panel test,https://encrypted-tbn0.gstatic.com/shopping?q=tbn:ANd9GcTetIgnOf7b7dlDbySLt6Hn4KhqWphUNqQPQ-1oRuWMkX1rn5zOaRRVimu-l7h6BJcKhGGt3FbhaCVglfJGyWGunhCclhqE
lipid panel test,https://encrypted-tbn0.gstatic.com/shopping?q=tbn:ANd9GcRk2M5JRXo7xMyl2UCb-n97UnoPsA2f7u1iT9JcmG-SLYdVcu8vYtEKo_aJwLQlhGzA5gjoA5xdAiiawwPgVH4Zr8nFi5bpsyTGA9UpUriVwTnocnIcrYT_-oY
lipid panel test,https://encrypted-tbn2.gstatic.com/shopping?q=tbn:ANd9GcRQ83E9VE2St6VNvRmijfQ17NiBjz20TKK5T0G2qf1WCBU2b-S0NPYdx9H2BpGeVyVRL3S6jUQ3jiWTik8FR3PIfjtFLAlHwOhR3KBaayknF5umndeUXAOW
lipid panel test,https://encrypted-tbn3.gstatic.com/shopping?q=tbn:ANd9GcS3t3CBaX5X9_5Lr0odl5f-SvbGYZrEmZoe7mIwj4IdF-ifhCq7sM3A2KgB080tJ7d92Bx3vZ7omXi2k1LODtFglC9XuEtWYFhxSxMoFQNl9k5HCt4xnqR8VA
lipid panel test,https://encrypted-tbn3.gstatic.com/shopping?q=tbn:ANd9GcS3Wxza52X4u4nU7IOxR6MyGuHd8_HOcZlRyMi4uK2rCPmst9io6yEX32dMhcaDEU-d7MNX00eD-5L41u5_Sg8wmzu3mneEwR149avTrvMolulceGlqF7bn
lipid panel test,https://encrypted-tbn1.gstatic.com/shopping?q=tbn:ANd9GcQ9f4cE7waW2gmNi0r59JwtaAXW3QfTGaaZoYnI-XpzsvxyLvnwvZcclzFyVq33OH_l1x7qBgz_tnQsRbPIHARqNbMS1Zx6otfcVL9reVg7jZYXxMm-SxmZAw
lipid panel test,https://encrypted-tbn3.gstatic.com/shopping?q=tbn:ANd9GcTkEZoN0QZAU4JqQhcgaQ_8ya0qVRJq_DXt4O1mHPX9Ou0oThSrkEg2DlfP8B2MGMWTBeJqfFfNeIH8LDkw5lFhqbStgjG11w
lipid panel test,https://encrypted-tbn3.gstatic.com/shopping?q=tbn:ANd9GcSxO-w-A52Ii6JDGOaVRjfbmyVSr5WrPKe5DZJX4VamVUAQIWqV0Gl8pVK6WYwcM1POIULxXPzT7xayCmQFc6sbjlx1zsfxVOO_y-YuljJ4Sl75rdaQntag
lipid panel test,https://encrypted-tbn1.gstatic.com/shopping?q=tbn:ANd9GcTI9-2_k7TgKaGWfGyMqwcnH4YpzzBo7fm64TM9rfHotOrQKEu4G8UYaOmLT8xDtnqykLS1Smu2zfO3GOP8A13LrihcDlUd-A
lipid panel test,https://encrypted-tbn2.gstatic.com/shopping?q=tbn:ANd9GcR_s8IdY9mGBUF-_h3D1VKUSPT6dIpnDztQ9iZO78lENH0vBEodhmpe3KK0Bz5IPHqQTePCK3aO6S5fdgV0Tt1yOfOr3rVQFDh0A8zf1AOmq__nM-eIIbeD1lk
lipid panel test,https://encrypted-tbn0.gstatic.com/shopping?q=tbn:ANd9GcTzeE-0cuXO7qc6HJruZyRJOcSLYeHQNU9ERNzsFpZ7soDUh96QQsdSX5LD6WF4iy9sH7Kx-W1Dm7AxRg14OKGiAoPjRCohl9_37TDRUv0XDWWN5nl1j1a_
lipid panel test,https://encrypted-tbn2.gstatic.com/shopping?q=tbn:ANd9GcTN73D7OyVgfCP-2TGjiGMtm0WNKSe1n-gxibLSBZ1fs1YSDnYcpeOr7GA725SqZ08vsfzvxU8dgnQ6jmXHOzWRM-NR-uZiIfnf9U_-7n_qJrMOnME0oqBg
lipid panel test,https://encrypted-tbn0.gstatic.com/shopping?q=tbn:ANd9GcQOXo_uziilx3hYblvTv_gW1-nVCVfNpBGCk8Edk0fa0rvv5zq47vvP4SFD-QrMPQIYqfIpMLuJDgX7c2MZhNyr8bVYASqu8w
lipid panel test,https://encrypted-tbn3.gstatic.com/shopping?q=tbn:ANd9GcS3ij7bk--yGPMHuWGDLnYVq7Z2ItHFtQlTWuyvTHU_E254hikvY17EtKXa54tjZtgd3bg4thdzrxwnN6-eUz5keCalEGjWjZ5ONUyqRJNZIw89-3DOehMPdQ
lipid panel test,https://encrypted-tbn0.gstatic.com/shopping?q=tbn:ANd9GcTXQtab-HnMM6X1IobkIBu9NpspkkemBBEzBfasDUeCcFomQIh7YOADpqkkXGM43io--uaG1B9JBK5lkd7Hu7p2_-H3jnSjhA
lipid panel test,https://encrypted-tbn2.gstatic.com/shopping?q=tbn:ANd9GcQGRs-P9vD6GuDiqdj6CYydbwsnWWMUGII5kvOglQT3iVFkFnmZOt2lfxOi-WUxRTZnBJNnlsLAbqNC9Tmg4m9COdlbB8UGdNMnS3N28KpG44nUP6cYFXzGzQ
lipid panel test,https://encrypted-tbn1.gstatic.com/shopping?q=tbn:ANd9GcSccIzE8TKv6htP7veNeJ1PhtqOd43roCUmUZQ8CFpSPQ4u5aSKiJoKBNl04V1Tk5F2thfWxfVKtNTmAjC-pN6sQi4gsVjEQAOc-Cc3AjEHAlHNmG-3ze6r
lipid panel test,https://encrypted-tbn1.gstatic.com/shopping?q=tbn:ANd9GcTTsfLPlImssbO4WozDfq5zqXgSaRMgMJ4EiC1dMHiG3219-D5JzC6CHAtYByd0uuv5iAzj9_0IGpRWU7q3pPiEkm33CKKtfsc8Ge5MYH9584EXRHWw_ugjcw
lipid panel test,https://encrypted-tbn0.gstatic.com/shopping?q=tbn:ANd9GcSfWUxX0MlSfsUFRRIXQwRdHCQURT8qOqqMHn31I7-HeSx39CCkj3bKXIJkeVPWIB8Iruzy82eX32BKTOvIpUbemwN1R56icywhAt4hbMfbIdq3s3Jlp1kR
lipid panel test,https://encrypted-tbn0.gstatic.com/shopping?q=tbn:ANd9GcTS_VuW0yTeTQW6jRe7uZpx0-h3Pk0jATNalW42XT6sFdTy8X9d7YoCpWuqty6NAZ3G8vJs8AjnrAttLThbqZiKuFktEIcO
lipid panel test,https://encrypted-tbn3.gstatic.com/shopping?q=tbn:ANd9GcTN-C7WaRgsY35YmjCO2kc6laq4P7VXMpILMgIystoPMg7J-bdm_r529vR3osWxZOgkOqPqUF4wGNfLGrBaMcmJMVpE2fxona5Si6wB7mwjTwDZuDX2WDSB
lipid panel test,https://encrypted-tbn0.gstatic.com/shopping?q=tbn:ANd9GcQsCulqxIPnVpE571MomA9fz8HmvQ_OyCoGyO6tRvZ04zO_ZN_1_jwpTqW7JIthmeJDVk1UzqCzhBn1SHSbDKX3pSh6LOONp0P808eFbh1dBouef0xpHdfv
lipid panel test,https://encrypted-tbn3.gstatic.com/shopping?q=tbn:ANd9GcQjJVN_gE8kPM81Dp66qxhllP_ZhohUjD3k5JUY9-Fm30VImWAI-VSy1JbT2t1vUADLNehZPpdf279yti0xieRLfnZ4ITGhaYYMw7j0in7XXwl9Fr0pZgxZDg
lipid panel test,https://encrypted-tbn2.gstatic.com/shopping?q=tbn:ANd9GcTLTY3fVTW0CuSN6ae8kXR2lvIID1ERQ0YaPFwzSQKXm9Qjz-kJ6V13r0EJM7ETVLOa83LjdyJSpJml1lgPPL9wEUeYYxV3lEiP8R57WGOQ2k1aEmfSt4VeNA
lipid panel test,https://encrypted-tbn2.gstatic.com/shopping?q=tbn:ANd9GcTiNETEG40gwuA-tuuWy-x4n0bJNBlK9QD0tKjFB9j2EFtCWPVKdNGfx08zhB5-roAyHlxlruHBmIreG6YYmcHznSYBbqBO-vSVXsFIhSfpW3G0K85FUYNr7g
lipid panel test,https://encrypted-tbn2.gstatic.com/shopping?q=tbn:ANd9GcTA1rWrgY3S7CMquNVXlkWrIGgiMI1wAnyFNGnjFx77wY_61d6xL2_D1h9Uv2m0CsZ4cmTTn5Y9rk2dE-j-9yHBb1mwymW6QjnZPVF0sxrhXcCxUJAKXlWGUw
lipid panel test,https://encrypted-tbn1.gstatic.com/shopping?q=tbn:ANd9GcRr-OXWqHlxYEAc5qRzy6hH-1TtAjJqAb_tHDk-KkdGbWs8gmZu-MPoG4Qi53cia6y5_fCoGjSVY62_N-TbVl_7iuc6bB691wIxkqY7Om5jAbvOMXzMNcs7
lipid panel test,https://encrypted-tbn2.gstatic.com/shopping?q=tbn:ANd9GcR2fOdbS3lSuD_oX7Jgx-G0Zlc9ohjiBScnQHC5b_bhOVs37KU82LbKZwfABnkXhXx63MRl0m4If5HVcNoUl7xA-8u_FzOCEkqS9ZkbAdeZajlc6JkN56yH
alt blood test,https://encrypted-tbn0.gstatic.com/shopping?q=tbn:ANd9GcSRUfsXIw-xkKf2yK8LYbsCbh2uKNySzBuf5b92lFVcpuVBBdQA0qUNQ6Dg3shRvZm9OUFiRyWv9WSNSFBjWY32y5f-NGdpRv74yTXuCep1pLBQaoCYOFIk
alt blood test,https://encrypted-tbn3.gstatic.com/shopping?q=tbn:ANd9GcTuUosFHIz4U239KU5rrQCIC3L35TLhIZU5rIoP5E_SSR4nZ88sfQk6YrAKMQh7pIBMlwcsEX9tk5FbtBMOCxWFZTG0Z2O8
alt blood test,https://encrypted-tbn2.gstatic.com/shopping?q=tbn:ANd9GcRjqAgMK9OhtvoeegJm_g0lqwC-cInTCyWGjp24eGi8xYXXm8ShBjXx_jRjtR2Qgi92m6jcO3SxatNcox4fQ35VlwWsgla-MUCXx2mY1x8nEKpuROkc6vlT_w
alt blood test,https://encrypted-tbn3.gstatic.com/shopping?q=tbn:ANd9GcQcdHOvTsNX7R8Ub9vWdZpIdG-iRnm27cjI42XSf0cekNGvlEEK6xQFKabx1jlbmynyXeQ4WIyaqt4_d3rJ0jzmHFogCe1tIA
alt blood test,https://encrypted-tbn0.gstatic.com/shopping?q=tbn:ANd9GcRVXDeoeBouba5-sl3EasdSdojYADzTSxS0dwpjsUBeGN7CyQiK9eQYKCc1lj6cDZ_gvemm7SKyn_2yskTJJiTYcRoQPOHIvc1vpDMOXo70QI8Ty1NbpQPV
alt blood test,https://encrypted-tbn3.gstatic.com/shopping?q=tbn:ANd9GcTvSGpBjPzyWegz5sMXJNYwUO1iYiVAKz3_VHnJVY0Oi3w4yS-NUor6rdwvgixru8HaV0xdkdoe9ubNKgEFWwa1S7URmtdiufEaTgfYein-iSvR8qzLCzqGsoo
alt blood test,https://encrypted-tbn2.gstatic.com/shopping?q=tbn:ANd9GcS0Z7BLBzBz9jvyTYTdhaI-FuLTWKA3QgAs21Ug_0sRyAf4f9xS8CSGBST2qrcvSnMqz2XhDh6jpf1Vy74dK-gpOKZRdbT4yHXsDCdGqu-l83dJzQ0iCaQd
alt blood test,https://encrypted-tbn2.gstatic.com/shopping?q=tbn:ANd9GcQtw2Xqm7ZccHnPLusAgeqsGoO_gNgNtIFXkk80GaKo7KCrrwxH56uTvu_duTpxvUq-aKbbWqao_GXLB9jDcKQZcJqgQY9dDMPA3yimkFl-
alt blood test,https://encrypted-tbn3.gstatic.com/shopping?q=tbn:ANd9GcSwDNtRapTlGUU0k-9XE8UgV0eW7n8hqTTSK8k5eS0bcW3-R78yxA6e8pQKqVqqQ4dy19S8tOouthw-w3tDS1Kj2SPSJkxsv1qaUsnyf5vTGdG-tbb9FvJRpA
alt blood test,https://encrypted-tbn1.gstatic.com/shopping?q=tbn:ANd9GcR57ljff1y23pZLzZztem9IeRv9l0NENj3NBYa-nIbbYy7blFgzshuOF_VPWSTjVIPsBNAnWiIn5-qgoixjNdB4wiWvn6IdbP3xhW9rSyZChBanJy04wEKE
alt blood test,https://encrypted-tbn2.gstatic.com/shopping?q=tbn:ANd9GcQslJ2O1AV3-K1dAm6MJrp2OAh-iEPJD8Kb4VCb3hGuRlm9yBT1x5sId9YxTlNPOTc2RoWdDB94a5HxBc9gzyBCW3bHZv7MYuvyk-y7_dP2FcM44cIOHcr0
alt blood test,https://encrypted-tbn2.gstatic.com/shopping?q=tbn:ANd9GcTbz-E9Y2W7zITUz1bD-2hGrdMFwv1ZeFve9YWTHjrYYc9y_X78jrZGUmUuni-TDzn57dPIgN9BsQ3S2toNCMmxO2KAab_SErT5yZCcc3L4HeYwRjdBbG0vQ7M
alt blood test,https://encrypted-tbn0.gstatic.com/shopping?q=tbn:ANd9GcSJgszzqUNvRACVrZKljytH9ae1W2Z8J8WNHsNIGBeP4RJtLNKehNbybyK8LODw_1wljTpfmyX59puCkY1COKVJ7L0CDsbG1jFvQ4JwdMjvmZJBqb4UpERQX7m7
alt blood test,https://encrypted-tbn0.gstatic.com/shopping?q=tbn:ANd9GcQpwvoEs5TS-u0sLb5zUX4uImTIkNV4eTK4YijOTAnOiuDGtqRtje5h5jhdXP1x2bOkZkT0QS6fnWdL4RCCAzSYxInlNNeWNnaKlWGxlxue
alt blood test,https://encrypted-tbn1.gstatic.com/shopping?q=tbn:ANd9GcR6lOA2fg4EKH0euhRR5ERq8SeqcY6dOHNpQjEkdv8IhXoASwHsKgJOt1I6wLjGEUklIRJgQeyHlTAtYsO6YWd55m3QbbGu
alt blood test,https://encrypted-tbn3.gstatic.com/shopping?q=tbn:ANd9GcR01bqZjb6mym8aZvKascjTI4zCB1WRv0FTDWqoRIctz3eJ7N75WqBsuvcWnjg9f3baxK5ducvylH_u7Bhb-rTTvmDcRbX8GYVpPCsYME7hBkzqAN4eiJNS
alt blood test,https://encrypted-tbn2.gstatic.com/shopping?q=tbn:ANd9GcR0cd0GJ0MR1KxnvOsaLFKugGQha7FMqPAeVpa9eY3BffiW0SbfXNnQIUmnDzKxNt9Z0zQbmJk2XY2O_Xs1X5VvD0Mo8kwHBGMCAdPAN1miD5CWBkY0j3nf
alt blood test,https://encrypted-tbn1.gstatic.com/shopping?q=tbn:ANd9GcSwue705qx7pkXs9AhGUtrudqd1Sp8boEyFdnzvzJP0l3kVN0juQbKKWLHdG_emFVkYQ3XPkeUhCIk-QzB8jqvuNcFAAgSZygOlGUut2z-s
alt blood test,https://encrypted-tbn0.gstatic.com/shopping?q=tbn:ANd9GcTQ5xHn1EI8LxjEKI4vaiy6mQ8zf6IxtPemm6wYTUv8s8ba9P-jcgp78tFdz8Q0avM1Y4ZqWwRZHUCOQjz4EYZyGbPvT7I6nn-bWUSKiLP7NnPjHwn2ANbS
alt blood test,https://encrypted-tbn3.gstatic.com/shopping?q=tbn:ANd9GcTWtLVcDZ3k0Htqx0ePGJ7bRGPHA365KglS0VCrD0hp39BeM4qGLg94au6UUQY3GmumIEWch_H_NtJyqfxFMzl49j0WyCVoGx0wBDCxYM_7kqMuHPfoTpZt41M
alt blood test,https://encrypted-tbn2.gstatic.com/shopping?q=tbn:ANd9GcTbUN8m7iVCIN46MZxJF0cMWpagAd9XDszQfAZOtbgu2lABZ1kCsnPYJ61lC0gW9YpFAeyJrePFzCvLUH-vmo2tAP5NVSR7lgDpj05pBa6tFbHW4cJpkX57
alt blood test,https://encrypted-tbn0.gstatic.com/shopping?q=tbn:ANd9GcQJ7hSXHij_jziHCQ4SRD28I2wF9QmPrZ6PkkdyGjd66FuuJcfm0UkRPuBIosuN8hDuZPPH8rg6U7eGePVWxb2xoMCSgqb66E4qzWoS8HK3FMBA_sncXD3R
alt blood test,https://encrypted-tbn2.gstatic.com/shopping?q=tbn:ANd9GcTVVCRjmyVqGzYSJ1hJzZzRQlXQwzzJLNv8Va5l1lTwK8kJXo2lotA03buViEzKC6qeWWtLbJy3w-QA4SeQIu0al0zprOm5GNiyOjT3btOJjpRMxkZt5pN94Q
alt blood test,https://encrypted-tbn0.gstatic.com/shopping?q=tbn:ANd9GcQRJ0Vz5NcNU3c_wlkJEC83714Eh2Wd8Wvygo7nl2Ix_7k0x0WWrDw2NDkX7i102G6nEYYfDkGTGPWWZXS0DwUTmBpt8sW8ttLYWb1jPI0z
alt blood test,https://encrypted-tbn0.gstatic.com/shopping?q=tbn:ANd9GcQ3QVRYdT2TthRTGvStoGsK11qy1a1nTDVMJO_stW0ZazIDmdZFQeCudvwMpIJTnxzz7sA5wbFM-RMP6USUGikk-zB9n2pE-xbXxYYUE1Y
alt blood test,https://encrypted-tbn3.gstatic.com/shopping?q=tbn:ANd9GcSsbcxNgLf4tC3Vd1paLIJwUQfSln7hRQ36UwfAy2WObSxBwWREjM_uMtlRzCC6SKbGxuYeHIlIQtFf0QZDQeZRPCBUSPgN
alt blood test,https://encrypted-tbn1.gstatic.com/shopping?q=tbn:ANd9GcRxO2NiMOwyA4q9lc0II_IeAwHljx_CSChMfWYf_HWtKCdDWUbGKAgmHKO53S1zVVSdJ_UlIgzyjgM_MOg6Db2zskZXUhQL2g
alt blood test,https://encrypted-tbn2.gstatic.com/shopping?q=tbn:ANd9GcTbcq2p31wdLM-XmEzgEgHeqkzEt3ixxav-K44TgK8ClMUqjViEcJ3dkZItRZMX-WeEMGXvc4KuQrIHVIZhS-bp-b25XHyFDaL5Kt1nuxA6
alt blood test,https://encrypted-tbn2.gstatic.com/shopping?q=tbn:ANd9GcS2vC7Dejhkh6QHRnTmdPJsCJkbAaJxYAI1BQKzx5p_1Uzq3h5mBi5Oa2wZE9KtKWRg0qXBEcBr2l6yYFSQ1yTEsYnIdDUHbBeTpDxPaxk
alt blood test,https://encrypted-tbn3.gstatic.com/shopping?q=tbn:ANd9GcRegSzcN5hzu3qh2cWdNLBdusTpz6IEZQ3kgCZLqm0rzwYAEed49efKaDJpczAcFRWK7yVqLyQRrETC7nJ99rz-NPjdauda-_mPbjZc2xXA6eURYs5T0-94ffaC
alt blood test,https://encrypted-tbn3.gstatic.com/shopping?q=tbn:ANd9GcT5b8nr9UcMaWZwtNF1W8MPmtcI8wjn3jXZrLKAllVltOFMDdjDzN_RQCJWLnefV8uUYSDVaK2N-WxWpmD1EtH1k1nrq__CJFCiqILaFcU8RnrhGJHSO6GTl1A
alt blood test,https://encrypted-tbn1.gstatic.com/shopping?q=tbn:ANd9GcRlXMnnT2hgu5gCjFGHi6aJIwpQdwAgOi5pqAhj6rKxo_iTHwYb3if9MdH7a74rbGWOCK27Gqjw8bOJqt477S7KohvP9e44UfDGfsVv6nYTbrCwpWARyOaZ8g
alt blood test,https://encrypted-tbn0.gstatic.com/shopping?q=tbn:ANd9GcQPLj4Gwqm3RZj7Z_NVM6WdrcIOHnHqdRq2WIdGgs1QvHjBpcHimFBRZy8ZA8MH3anjptVhXXHBOrwTSOFbX5LthLj-pVq-aHW0n6XdAqAMt3dk93Eij19t
alt blood test,https://encrypted-tbn0.gstatic.com/shopping?q=tbn:ANd9GcTXykWvNpzOj7Nxbs7RiL3BtG508v7nIVDDh1y1-zZcvDbVDTiRilhTNk2GBA3Xh92OVyR6kXepMOyPkckgQQv4zU7kTVbStuCQwlVA5qs
alt blood test,https://encrypted-tbn3.gstatic.com/shopping?q=tbn:ANd9GcQQKOECyzja_4nJV8NgyBcVsuwILF-tPRfcWQSdPLksgFdR6j7bLeQlDMTQOQs65cON5bJpDIC3KtH_8i3KDLZU9JKwI5pl
alt blood test,https://encrypted-tbn0.gstatic.com/shopping?q=tbn:ANd9GcSlOOI1DOP2n6eGCfanq2Huo1UGrhy2KZVu371RhCWJmdS3H5MZ6dIUo3oXl96ZuJqzLFMV-vooRRUto0rRO0953p8GOCgQajD93WepnkZz1TdGg2S3yhEweA
alt blood test,https://encrypted-tbn0.gstatic.com/shopping?q=tbn:ANd9GcRjMdzAbA9FgumDIdu3TBZ2PvtYTyyDQRRka_TGFmRndUNzU4UVXC_T2PF55_wqG81WgfJhm9_8tXMdhE69kNt4kcUgYFq0
alt blood test,https://encrypted-tbn3.gstatic.com/shopping?q=tbn:ANd9GcTFS6_ezk7MHHHrpaDFk-CQ5s_PSRgx9hrd5Yqq_KzjvY1S4_WsYITwkGhg62-smBkFll8qzKLW0CeDxaErCt6WLo5ZC_TBynsIhqJxeeg
alt blood test,https://encrypted-tbn0.gstatic.com/shopping?q=tbn:ANd9GcQ6dH0yBb-coeDts4v32jYnZnLRZQtth3dWco-wPzms2mkTz3ghhkdBoW9BTumv9BWnnWxOYTE_yBPeSsPFYLjtqk_zTqde79lcLTKEQwg
alt blood test,https://encrypted-tbn0.gstatic.com/shopping?q=tbn:ANd9GcRKLMgNrLZuAxY8t9oDqHSIfec_MI3eSLc-8anBXlmoAoxJA4DGCHXABPq-LCE3Q-1pBY2ID3ePwSa6gzu_Ih0jKXFoz6IzS9Q2Q3NuowWUE1EZD3HfQIeU
ast blood test,https://encrypted-tbn0.gstatic.com/shopping?q=tbn:ANd9GcSRUfsXIw-xkKf2yK8LYbsCbh2uKNySzBuf5b92lFVcpuVBBdQA0qUNQ6Dg3shRvZm9OUFiRyWv9WSNSFBjWY32y5f-NGdpRv74yTXuCep1pLBQaoCYOFIk
ast blood test,https://encrypted-tbn1.gstatic.com/shopping?q=tbn:ANd9GcSaGElMZlc-MXGGpWTy9uhE7QTBl96XnIixz_dBbXDt8EiXIo4yfuxjFrg0YgrA90W_vnJW3GBG-M7rAhbYAjJos5TDmLmFgmgmOMzEU8O7rSKecROc9CId
ast blood test,https://encrypted-tbn1.gstatic.com/shopping?q=tbn:ANd9GcSI6TdWG5NbRxr3R3x102MUs_mtghgp3IBp5ouRDS4B1F_lvRbjuaN_-6QiJXeq_OIL6D5zScGCpzpgYA2sbDrE-jYUe-Mi0bcGBJ37YaGOKeyrx7um3sfe
ast blood test,https://encrypted-tbn2.gstatic.com/shopping?q=tbn:ANd9GcTbUN8m7iVCIN46MZxJF0cMWpagAd9XDszQfAZOtbgu2lABZ1kCsnPYJ61lC0gW9YpFAeyJrePFzCvLUH-vmo2tAP5NVSR7lgDpj05pBa6tFbHW4cJpkX57
ast blood test,https://encrypted-tbn2.gstatic.com/shopping?q=tbn:ANd9GcQ8ezexIMan-88y68Ue6NILyB89EmUloXhRpluUowg4VfTNfiH4v2hdwUiGqbZtFk4DHHtV6mu4RMYKhe09YICQhhYlNj_FJ4ljzcq6RA7f0mBO1OCnx-51
ast blood test,https://encrypted-tbn2.gstatic.com/shopping?q=tbn:ANd9GcSOnB3XfkFOS0Kb_n9haSDQT64_vMmRy-iUEcg7vcUC_ad4CtLxHPECJGVm-87vJZF38elwZkEMv3EPM_QNDlWomZlHj_g3TH2_7zMXRE8IOz8TbrVhQTLx6Q
ast blood test,https://encrypted-tbn1.gstatic.com/shopping?q=tbn:ANd9GcTn6oq196hGJmAh57p8e9ZZ_kNzoYEA6A-iYXUyomhpr2P9cRhLqF12PFnh71xNjeCt3rwJNaBTfYsSNBinUq6q1gouA9IRuslPm9YYP7NJdGpo_6joYn2s_w
ast blood test,https://encrypted-tbn0.gstatic.com/shopping?q=tbn:ANd9GcTy7wKpLuYZWF4CQOCxaowh5wr-7Vle0NqKoOS_0vlUIqhie9rjg292RJmmjtir9aLl3PzqUwSZpzf6Otd6KoHgNHoBtCc4GupxpD2966O5
ast blood test,https://encrypted-tbn3.gstatic.com/shopping?q=tbn:ANd9GcQcdHOvTsNX7R8Ub9vWdZpIdG-iRnm27cjI42XSf0cekNGvlEEK6xQFKabx1jlbmynyXeQ4WIyaqt4_d3rJ0jzmHFogCe1tIA
ast blood test,https://encrypted-tbn3.gstatic.com/shopping?q=tbn:ANd9GcTvSGpBjPzyWegz5sMXJNYwUO1iYiVAKz3_VHnJVY0Oi3w4yS-NUor6rdwvgixru8HaV0xdkdoe9ubNKgEFWwa1S7URmtdiufEaTgfYein-iSvR8qzLCzqGsoo
ast blood test,https://encrypted-tbn2.gstatic.com/shopping?q=tbn:ANd9GcQGbFKdIZ5nVg8kTGjXb4wtey5BYYYvN1Ebt_m8nyZjZtlaETvGlBOxJtugM9RFOnUk_W7odTWh4R12iPhPtluGqCUbvLPNT7FJLPqu9FPB7fMF2od3hsUffw
ast blood test,https://encrypted-tbn2.gstatic.com/shopping?q=tbn:ANd9GcTA1rWrgY3S7CMquNVXlkWrIGgiMI1wAnyFNGnjFx77wY_61d6xL2_D1h9Uv2m0CsZ4cmTTn5Y9rk2dE-j-9yHBb1mwymW6QjnZPVF0sxrhXcCxUJAKXlWGUw
ast blood test,https://encrypted-tbn2.gstatic.com/shopping?q=tbn:ANd9GcQslJ2O1AV3-K1dAm6MJrp2OAh-iEPJD8Kb4VCb3hGuRlm9yBT1x5sId9YxTlNPOTc2RoWdDB94a5HxBc9gzyBCW3bHZv7MYuvyk-y7_dP2FcM44cIOHcr0
ast blood test,https://encrypted-tbn3.gstatic.com/shopping?q=tbn:ANd9GcSwDNtRapTlGUU0k-9XE8UgV0eW7n8hqTTSK8k5eS0bcW3-R78yxA6e8pQKqVqqQ4dy19S8tOouthw-w3tDS1Kj2SPSJkxsv1qaUsnyf5vTGdG-tbb9FvJRpA
ast blood test,https://encrypted-tbn2.gstatic.com/shopping?q=tbn:ANd9GcQtw2Xqm7ZccHnPLusAgeqsGoO_gNgNtIFXkk80GaKo7KCrrwxH56uTvu_duTpxvUq-aKbbWqao_GXLB9jDcKQZcJqgQY9dDMPA3yimkFl-
ast blood test,https://encrypted-tbn1.gstatic.com/shopping?q=tbn:ANd9GcQeDDTLa9WPF-8RWDUkXhTH0Ks8AGt_nB--oPk6QH4STExw5RLzTZ2LJeQLpd-Nxqvr_a2Isxp2gPj8eBRpN-oxXYzNw7Y9VQ
ast blood test,https://encrypted-tbn0.gstatic.com/shopping?q=tbn:ANd9GcSJgszzqUNvRACVrZKljytH9ae1W2Z8J8WNHsNIGBeP4RJtLNKehNbybyK8LODw_1wljTpfmyX59puCkY1COKVJ7L0CDsbG1jFvQ4JwdMjvmZJBqb4UpERQX7m7
ast blood test,https://encrypted-tbn0.gstatic.com/shopping?q=tbn:ANd9GcRNjVfKvizMO6_-4o7spe2Ax39oTIhd3Qwo_Q5xB-_ko7mnIMjo5mp8vkgzYyIqIWYBi4W1LAlpplB0SWguIfa2oxLb84WE
ast blood test,https://encrypted-tbn0.gstatic.com/shopping?q=tbn:ANd9GcTpcTnKMh6UwSDnlxfdAwizVvT9cFKZKoeBkPlJjemiWqT-QqscfT6no_SqMgAwcOKUbD1UPBKguuSvGD9RA8W4q_OE505i
ast blood test,https://encrypted-tbn0.gstatic.com/shopping?q=tbn:ANd9GcQpwvoEs5TS-u0sLb5zUX4uImTIkNV4eTK4YijOTAnOiuDGtqRtje5h5jhdXP1x2bOkZkT0QS6fnWdL4RCCAzSYxInlNNeWNnaKlWGxlxue
ast blood test,https://encrypted-tbn1.gstatic.com/shopping?q=tbn:ANd9GcQNGZUxNKmmVp7vTjvoHQWTi-5CwmsydDnmn1kDjL2829tYBwruKqufp-fTFIYA_3FSUG33r9EW_BQ1lO3jy1sTfo2oJohmdMApWD2evu6pqlOn1IwjUFOiRQ
ast blood test,https://encrypted-tbn3.gstatic.com/shopping?q=tbn:ANd9GcQvPoHtD04SIhIxD5yJtDobTo2diqoxb5Uh4xOnHM_sImhcCl4JSRwd4b5cTClhQdFl7MHuTEX5MNJVZT_JveLO2N47wYv9DHsqJZw0MsL8YFwtenlYarKc
ast blood test,https://encrypted-tbn1.gstatic.com/shopping?q=tbn:ANd9GcS5tUGQkyZTALAgSY5HgMBiV_peKgjVdQ3fsRbYM2oxEu8GzrzoPcP--rgu45cswQfe0f1sfJVYyHKaWoOVDqNoKCudyQ18gYa7-KxkhCGC0flF8SkIiCZkmg
ast blood test,https://encrypted-tbn2.gstatic.com/shopping?q=tbn:ANd9GcQUm8cTOHx32J8K42pBPt4c9jzgugo6SpO-dou9e-k4mD5bgZNLdYbHC17orE5s-_AoWUF7yk3Oh4q05m3yzpqmqWvuGHbRet5wuSNNF_rTk4b7BY6PaCdZ
ast blood test,https://encrypted-tbn0.gstatic.com/shopping?q=tbn:ANd9GcRe7Hqd4h5A9PHQuBxEsbzCcC2zBTc2XrkTVhwc1hluHjmnS1Cr_jVQPa2d93RtNi4u1aFb7NqKZF_n8BiuS1kuNW9xYnrp
ast blood test,https://encrypted-tbn1.gstatic.com/shopping?q=tbn:ANd9GcSwue705qx7pkXs9AhGUtrudqd1Sp8boEyFdnzvzJP0l3kVN0juQbKKWLHdG_emFVkYQ3XPkeUhCIk-QzB8jqvuNcFAAgSZygOlGUut2z-s
ast blood test,https://encrypted-tbn2.gstatic.com/shopping?q=tbn:ANd9GcTbz-E9Y2W7zITUz1bD-2hGrdMFwv1ZeFve9YWTHjrYYc9y_X78jrZGUmUuni-TDzn57dPIgN9BsQ3S2toNCMmxO2KAab_SErT5yZCcc3L4HeYwRjdBbG0vQ7M
ast blood test,https://encrypted-tbn3.gstatic.com/shopping?q=tbn:ANd9GcQn1MaJAb6bYSi9raQQ5bIrlNvR_sJfxgyOIuSJjrAdGKsKAohhEvt6-IGqdwjSH_QmweGLIdZJg3e6bFx-KuQLhlp94XLiEkH0RaIT5mumcxVT8-O5ju4I7Q
ast blood test,https://encrypted-tbn3.gstatic.com/shopping?q=tbn:ANd9GcT5b8nr9UcMaWZwtNF1W8MPmtcI8wjn3jXZrLKAllVltOFMDdjDzN_RQCJWLnefV8uUYSDVaK2N-WxWpmD1EtH1k1nrq__CJFCiqILaFcU8RnrhGJHSO6GTl1A
ast blood test,https://encrypted-tbn2.gstatic.com/shopping?q=tbn:ANd9GcS3Adx6h6uaNxtkbz--HjGGYN_sTbcostD4rY9RWO37J86dWh1ktFDmWlRQLPd665SIv5l123uvdcQ7BMjqy7QUCV3XghV3FGlM4lE7Q93hhF9Gqz7d5rGt
ast blood test,https://encrypted-tbn3.gstatic.com/shopping?q=tbn:ANd9GcTjh-Jg2X2zrC40_zEcLVeI_Cw0l5wX0eskAdwU7P-elHqXDjYGtpyyDZcqJcwj2bQLdAH3_wNgePPY6DcOv02bCeJiDJwNI1LbJs_4e2U
ast blood test,https://encrypted-tbn0.gstatic.com/shopping?q=tbn:ANd9GcTQ5xHn1EI8LxjEKI4vaiy6mQ8zf6IxtPemm6wYTUv8s8ba9P-jcgp78tFdz8Q0avM1Y4ZqWwRZHUCOQjz4EYZyGbPvT7I6nn-bWUSKiLP7NnPjHwn2ANbS
ast blood test,https://encrypted-tbn1.gstatic.com/shopping?q=tbn:ANd9GcTKCniqOi4y23H7ZbP6l9IjdQTCNjRHPOziKXRT4AXKLYSKqZlncfvuGPXFv4vQX2hQOVTgryztHWVteTeYQ5SgWl2DsfjCv3XCO1ni_6JYkJ_ZRPQX2xaHuzw
ast blood test,https://encrypted-tbn2.gstatic.com/shopping?q=tbn:ANd9GcRvIG1fFYAyRAQxdkuIHbhQDUM4ZKb2lmHZWznew0Mug1zEaH1YrHH3UaX7KnypPqw3Pa0iUQUMDv38TsiLK57LGeB7za_aCA
ast blood test,https://encrypted-tbn0.gstatic.com/shopping?q=tbn:ANd9GcRXIxOv2PA9m3T7dR-MFlfG3N3XWgLwsgz3vBIDokBO4IQTkR2dpOKK_8eqYyyhgeWHL-JpAI6nSBDUPQ4XmooQS-ONuYRyQ1kSfm9s73w
ast blood test,https://encrypted-tbn3.gstatic.com/shopping?q=tbn:ANd9GcTj2p-trGcXPe_J_9vVc7Hf2MF9RNlN-znNv1S5u79YdHl51pg4Vh0smCukWf_7drsu3AGhBjfx20CWCzZpWOYzGY8DqUpp
ast blood test,https://encrypted-tbn3.gstatic.com/shopping?q=tbn:ANd9GcTuUosFHIz4U239KU5rrQCIC3L35TLhIZU5rIoP5E_SSR4nZ88sfQk6YrAKMQh7pIBMlwcsEX9tk5FbtBMOCxWFZTG0Z2O8
ast blood test,https://encrypted-tbn2.gstatic.com/shopping?q=tbn:ANd9GcSCLvl_kRYBesORs3dCq42nr8vbwSil9FGlZFSNs52GQMUlOFLaJyhz9BJpvLw3swEqq5xaMkRAaLIMXPh_EVi-yXeyLI9OGaH__slQo_M8ZKw6NJvWyMmF
ast blood test,https://encrypted-tbn2.gstatic.com/shopping?q=tbn:ANd9GcQk4zrAs706LaVqimsEFSJCwtu21j5KAguk0IwevV_DonEQg1Vy-NJ8BGiU1wkXv-GuAL4rKqEB_GIbUwotd9LAoMJp9JwAGuvxzxtVJNI
ast blood test,https://encrypted-tbn0.gstatic.com/shopping?q=tbn:ANd9GcTim1iDPAYZKPOaP88JZkhYYOS9ph86V7qi4xIpXGELeV1P7yLFsZS4qW0bDGSHiAcLY5TtZEg5k7P3ODGH1f48cNXhp3FU6269zq_Bq7A
